{"type":"FeatureCollection", "features": [
{"type":"Feature","geometry":{"type":"Polygon","coordinates":[[[93.045,23.411],[92.881,23.519],[92.782,23.299],[92.69,23.328],[92.673,23.383],[92.627,23.954],[92.847,24.026],[92.896,24.391],[93.009,24.413],[92.976,24.116],[93.207,24.047],[93.15,23.811],[93.046,23.666],[93.045,23.411]]]},"properties":{"id":"aizawl-mizoram","district":"Aizawl","state":"Mizoram"}},
{"type":"Feature","geometry":{"type":"MultiPolygon","coordinates":[[[[93.046,23.666],[93.15,23.811],[93.207,24.047],[93.253,24.021],[93.396,23.926],[93.427,23.65],[93.39,23.497],[93.279,23.658],[93.046,23.666]]],[[[93.196,23.056],[93.042,23.307],[93.266,23.389],[93.358,23.331],[93.392,23.221],[93.3,23.005],[93.196,23.056]]]]},"properties":{"id":"champhai-mizoram","district":"Champhai","state":"Mizoram"}},
{"type":"Feature","geometry":{"type":"Polygon","coordinates":[[[92.896,24.391],[92.847,24.026],[92.627,23.954],[92.532,24.178],[92.762,24.513],[92.896,24.391]]]},"properties":{"id":"kolasib-mizoram","district":"Kolasib","state":"Mizoram"}},
{"type":"Feature","geometry":{"type":"Polygon","coordinates":[[[92.935,22.554],[92.932,22.395],[92.826,22.33],[92.855,22.063],[92.606,22.124],[92.509,22.741],[92.756,22.542],[92.935,22.554]]]},"properties":{"id":"lawngtlai-mizoram","district":"Lawngtlai","state":"Mizoram"}},
{"type":"Feature","geometry":{"type":"Polygon","coordinates":[[[92.673,23.383],[92.69,23.328],[92.864,23.175],[92.921,22.781],[92.935,22.554],[92.756,22.542],[92.509,22.741],[92.372,22.936],[92.402,23.266],[92.477,23.39],[92.673,23.383]]]},"properties":{"id":"lunglei-mizoram","district":"Lunglei","state":"Mizoram"}},
{"type":"Feature","geometry":{"type":"Polygon","coordinates":[[[92.627,23.954],[92.673,23.383],[92.477,23.39],[92.402,23.266],[92.265,23.727],[92.324,23.914],[92.295,24.245],[92.422,24.25],[92.532,24.178],[92.627,23.954]]]},"properties":{"id":"mamit-mizoram","district":"Mamit","state":"Mizoram"}},
{"type":"Feature","geometry":{"type":"Polygon","coordinates":[[[92.855,22.063],[92.826,22.33],[92.932,22.395],[92.935,22.554],[92.921,22.781],[93.097,22.786],[93.188,22.425],[93.161,22.18],[92.999,22.054],[92.855,22.063]]]},"properties":{"id":"saiha-mizoram","district":"Saiha","state":"Mizoram"}},
{"type":"Feature","geometry":{"type":"Polygon","coordinates":[[[92.69,23.328],[92.782,23.299],[92.881,23.519],[93.045,23.411],[93.042,23.307],[93.196,23.056],[93.123,23.006],[92.864,23.175],[92.69,23.328]]]},"properties":{"id":"serchhip-mizoram","district":"Serchhip","state":"Mizoram"}},
{"type":"Feature","geometry":{"type":"Polygon","coordinates":[[[93.045,23.411],[93.046,23.666],[93.279,23.658],[93.39,23.497],[93.358,23.331],[93.266,23.389],[93.042,23.307],[93.045,23.411]]]},"properties":{"id":"khawzawl-mizoram","district":"Khawzawl","state":"Mizoram"}},
{"type":"Feature","geometry":{"type":"Polygon","coordinates":[[[92.921,22.781],[92.864,23.175],[93.123,23.006],[93.097,22.786],[92.921,22.781]]]},"properties":{"id":"hnahthial-mizoram","district":"Hnahthial","state":"Mizoram"}},
{"type":"Feature","geometry":{"type":"Polygon","coordinates":[[[80.128,13.034],[80.08,13.016],[79.891,12.945],[79.79,13.024],[79.736,13.167],[79.284,13.123],[79.534,13.276],[79.946,13.364],[80.037,13.538],[80.268,13.565],[80.345,13.276],[80.3,13.142],[80.128,13.034]]]},"properties":{"id":"thiruvallur-tamil-nadu","district":"Thiruvallur","state":"Tamil Nadu"}},
{"type":"Feature","geometry":{"type":"Polygon","coordinates":[[[80.128,13.034],[80.3,13.142],[80.25,12.858],[80.128,13.034]]]},"properties":{"id":"chennai-tamil-nadu","district":"Chennai","state":"Tamil Nadu"}},
{"type":"Feature","geometry":{"type":"Polygon","coordinates":[[[78.412,12.627],[78.436,12.395],[78.568,12.388],[78.647,12.259],[78.632,12.176],[78.472,12.173],[78.175,12.337],[78.011,12.503],[77.927,12.325],[77.747,12.155],[77.471,12.243],[77.615,12.367],[77.601,12.668],[77.739,12.672],[77.831,12.866],[77.866,12.87],[78.057,12.852],[78.231,12.76],[78.412,12.627]]]},"properties":{"id":"krishnagiri-tamil-nadu","district":"Krishnagiri","state":"Tamil Nadu"}},
{"type":"Feature","geometry":{"type":"Polygon","coordinates":[[[78.632,12.176],[78.647,12.259],[78.71,12.304],[78.858,12.634],[79.209,12.785],[79.45,12.671],[79.56,12.854],[79.745,12.744],[79.631,12.631],[79.744,12.532],[79.64,12.345],[79.232,12.443],[79.25,12.323],[79.172,12.03],[78.959,12.069],[78.718,11.984],[78.632,12.176]]]},"properties":{"id":"tiruvannamalai-tamil-nadu","district":"Tiruvannamalai","state":"Tamil Nadu"}},
{"type":"Feature","geometry":{"type":"Polygon","coordinates":[[[77.747,12.155],[77.927,12.325],[78.011,12.503],[78.175,12.337],[78.472,12.173],[78.632,12.176],[78.718,11.984],[78.627,11.869],[78.482,11.817],[78.234,11.979],[77.971,11.896],[77.676,11.952],[77.747,12.155]]]},"properties":{"id":"dharmapuri-tamil-nadu","district":"Dharmapuri","state":"Tamil Nadu"}},
{"type":"Feature","geometry":{"type":"Polygon","coordinates":[[[77.676,11.952],[77.971,11.896],[78.234,11.979],[78.482,11.817],[78.627,11.869],[78.643,11.769],[78.843,11.523],[78.663,11.373],[78.487,11.408],[78.439,11.599],[78.046,11.519],[77.852,11.416],[77.696,11.464],[77.71,11.81],[77.676,11.952]]]},"properties":{"id":"salem-tamil-nadu","district":"Salem","state":"Tamil Nadu"}},
{"type":"Feature","geometry":{"type":"Polygon","coordinates":[[[77.676,11.952],[77.71,11.81],[77.696,11.464],[77.863,11.245],[77.933,11.071],[77.777,11.058],[77.5,11.108],[77.476,11.302],[77.147,11.336],[76.964,11.386],[77.008,11.545],[76.848,11.595],[76.909,11.795],[77.293,11.809],[77.429,11.768],[77.494,11.944],[77.676,11.952]]]},"properties":{"id":"erode-tamil-nadu","district":"Erode","state":"Tamil Nadu"}},
{"type":"Feature","geometry":{"type":"Polygon","coordinates":[[[76.848,11.595],[77.008,11.545],[76.964,11.386],[76.707,11.24],[76.442,11.201],[76.548,11.359],[76.234,11.527],[76.418,11.671],[76.848,11.595]]]},"properties":{"id":"nilgiris-tamil-nadu","district":"Nilgiris","state":"Tamil Nadu"}},
{"type":"Feature","geometry":{"type":"Polygon","coordinates":[[[77.696,11.464],[77.852,11.416],[78.046,11.519],[78.439,11.599],[78.487,11.408],[78.323,11.058],[78.164,11.013],[77.933,11.071],[77.863,11.245],[77.696,11.464]]]},"properties":{"id":"namakkal-tamil-nadu","district":"Namakkal","state":"Tamil Nadu"}},
{"type":"Feature","geometry":{"type":"Polygon","coordinates":[[[78.663,11.373],[78.843,11.523],[78.878,11.508],[78.962,11.405],[79.169,11.379],[79.007,11.058],[78.675,11.164],[78.663,11.373]]]},"properties":{"id":"perambalur-tamil-nadu","district":"Perambalur","state":"Tamil Nadu"}},
{"type":"Feature","geometry":{"type":"Polygon","coordinates":[[[76.964,11.386],[77.147,11.336],[77.182,10.921],[77.091,10.584],[77.091,10.315],[77.051,10.262],[76.892,10.26],[76.834,10.339],[76.838,10.596],[76.907,10.782],[76.656,10.939],[76.754,11.079],[76.707,11.24],[76.964,11.386]]]},"properties":{"id":"coimbatore-tamil-nadu","district":"Coimbatore","state":"Tamil Nadu"}},
{"type":"Feature","geometry":{"type":"Polygon","coordinates":[[[78.487,11.408],[78.663,11.373],[78.675,11.164],[79.007,11.058],[79.004,10.893],[78.869,10.826],[78.874,10.705],[78.627,10.704],[78.459,10.612],[78.505,10.376],[78.378,10.31],[78.334,10.301],[78.199,10.547],[78.293,10.702],[78.421,10.671],[78.579,10.851],[78.403,10.961],[78.164,11.013],[78.323,11.058],[78.487,11.408]]]},"properties":{"id":"tiruchirappalli-tamil-nadu","district":"Tiruchirappalli","state":"Tamil Nadu"}},
{"type":"Feature","geometry":{"type":"Polygon","coordinates":[[[79.007,11.058],[79.169,11.379],[79.368,11.419],[79.498,11.314],[79.458,11.15],[79.222,10.947],[79.004,10.893],[79.007,11.058]]]},"properties":{"id":"ariyalur-tamil-nadu","district":"Ariyalur","state":"Tamil Nadu"}},
{"type":"Feature","geometry":{"type":"Polygon","coordinates":[[[77.147,11.336],[77.476,11.302],[77.5,11.108],[77.777,11.058],[77.832,10.838],[77.808,10.68],[77.586,10.683],[77.418,10.625],[77.323,10.448],[77.288,10.232],[77.091,10.315],[77.091,10.584],[77.182,10.921],[77.147,11.336]]]},"properties":{"id":"tiruppur-tamil-nadu","district":"Tiruppur","state":"Tamil Nadu"}},
{"type":"Feature","geometry":{"type":"Polygon","coordinates":[[[78.874,10.705],[78.869,10.826],[79.004,10.893],[79.222,10.947],[79.458,11.15],[79.527,11.183],[79.516,10.97],[79.455,10.865],[79.3,10.936],[79.346,10.592],[79.482,10.489],[79.501,10.37],[79.472,10.316],[79.267,10.229],[79.227,10.137],[79.115,10.235],[79.152,10.349],[79.069,10.672],[78.874,10.705]]]},"properties":{"id":"thanjavur-tamil-nadu","district":"Thanjavur","state":"Tamil Nadu"}},
{"type":"Feature","geometry":{"type":"Polygon","coordinates":[[[77.777,11.058],[77.933,11.071],[78.164,11.013],[78.403,10.961],[78.579,10.851],[78.421,10.671],[78.293,10.702],[78.199,10.547],[78.153,10.745],[77.975,10.64],[77.808,10.68],[77.832,10.838],[77.777,11.058]]]},"properties":{"id":"karur-tamil-nadu","district":"Karur","state":"Tamil Nadu"}},
{"type":"Feature","geometry":{"type":"Polygon","coordinates":[[[79.501,10.37],[79.482,10.489],[79.346,10.592],[79.3,10.936],[79.455,10.865],[79.516,10.97],[79.748,10.996],[79.724,10.929],[79.652,10.825],[79.631,10.378],[79.501,10.37]]]},"properties":{"id":"thiruvarur-tamil-nadu","district":"Thiruvarur","state":"Tamil Nadu"}},
{"type":"Feature","geometry":{"type":"Polygon","coordinates":[[[78.199,10.547],[78.334,10.301],[78.28,10.129],[78.02,10.184],[77.913,10.074],[77.713,10.026],[77.618,10.214],[77.465,10.13],[77.268,10.122],[77.288,10.232],[77.323,10.448],[77.418,10.625],[77.586,10.683],[77.808,10.68],[77.975,10.64],[78.153,10.745],[78.199,10.547]]]},"properties":{"id":"dindigul-tamil-nadu","district":"Dindigul","state":"Tamil Nadu"}},
{"type":"Feature","geometry":{"type":"Polygon","coordinates":[[[78.334,10.301],[78.378,10.31],[78.456,9.968],[78.152,9.875],[78.137,9.762],[78.014,9.64],[77.537,9.66],[77.476,9.563],[77.713,10.026],[77.913,10.074],[78.02,10.184],[78.28,10.129],[78.334,10.301]]]},"properties":{"id":"madurai-tamil-nadu","district":"Madurai","state":"Tamil Nadu"}},
{"type":"Feature","geometry":{"type":"Polygon","coordinates":[[[77.268,10.122],[77.465,10.13],[77.618,10.214],[77.713,10.026],[77.476,9.563],[77.403,9.526],[77.167,9.612],[77.268,10.122]]]},"properties":{"id":"theni-tamil-nadu","district":"Theni","state":"Tamil Nadu"}},
{"type":"Feature","geometry":{"type":"Polygon","coordinates":[[[77.476,9.563],[77.537,9.66],[78.014,9.64],[78.137,9.762],[78.208,9.781],[78.429,9.609],[78.28,9.285],[78.057,9.363],[77.848,9.245],[77.508,9.332],[77.34,9.42],[77.403,9.526],[77.476,9.563]]]},"properties":{"id":"virudhunagar-tamil-nadu","district":"Virudhunagar","state":"Tamil Nadu"}},
{"type":"Feature","geometry":{"type":"Polygon","coordinates":[[[77.848,9.245],[78.057,9.363],[78.28,9.285],[78.384,9.094],[78.172,8.883],[78.143,8.501],[77.97,8.335],[77.851,8.357],[77.805,8.878],[77.702,9.064],[77.848,9.245]]]},"properties":{"id":"thoothukkudi-tamil-nadu","district":"Thoothukkudi","state":"Tamil Nadu"}},
{"type":"Feature","geometry":{"type":"Polygon","coordinates":[[[77.589,8.14],[77.445,8.094],[77.098,8.292],[77.27,8.578],[77.439,8.507],[77.589,8.14]]]},"properties":{"id":"kanyakumari-tamil-nadu","district":"Kanyakumari","state":"Tamil Nadu"}},
{"type":"Feature","geometry":{"type":"Polygon","coordinates":[[[79.172,12.03],[79.25,12.323],[79.232,12.443],[79.64,12.345],[80.008,12.254],[79.84,11.956],[79.686,11.88],[79.469,11.872],[79.432,11.783],[79.172,12.03]]]},"properties":{"id":"viluppuram-tamil-nadu","district":"Viluppuram","state":"Tamil Nadu"}},
{"type":"Feature","geometry":{"type":"Polygon","coordinates":[[[79.169,11.379],[78.962,11.405],[78.878,11.508],[79.019,11.595],[79.184,11.586],[79.384,11.681],[79.432,11.783],[79.469,11.872],[79.686,11.88],[79.808,11.845],[79.761,11.623],[79.813,11.424],[79.527,11.183],[79.458,11.15],[79.498,11.314],[79.368,11.419],[79.169,11.379]]]},"properties":{"id":"cuddalore-tamil-nadu","district":"Cuddalore","state":"Tamil Nadu"}},
{"type":"Feature","geometry":{"type":"Polygon","coordinates":[[[78.505,10.376],[78.459,10.612],[78.627,10.704],[78.874,10.705],[79.069,10.672],[79.152,10.349],[79.115,10.235],[79.227,10.137],[79.251,10.051],[79.117,9.85],[78.991,9.943],[78.913,10.144],[78.709,10.176],[78.505,10.376]]]},"properties":{"id":"pudukkottai-tamil-nadu","district":"Pudukkottai","state":"Tamil Nadu"}},
{"type":"Feature","geometry":{"type":"Polygon","coordinates":[[[78.378,10.31],[78.505,10.376],[78.709,10.176],[78.913,10.144],[78.991,9.943],[78.725,9.711],[78.657,9.546],[78.429,9.609],[78.208,9.781],[78.137,9.762],[78.152,9.875],[78.456,9.968],[78.378,10.31]]]},"properties":{"id":"sivaganga-tamil-nadu","district":"Sivaganga","state":"Tamil Nadu"}},
{"type":"Feature","geometry":{"type":"Polygon","coordinates":[[[78.28,9.285],[78.429,9.609],[78.657,9.546],[78.725,9.711],[78.991,9.943],[79.117,9.85],[78.981,9.689],[78.9,9.469],[79.065,9.299],[78.579,9.131],[78.384,9.094],[78.28,9.285]]]},"properties":{"id":"ramanathapuram-tamil-nadu","district":"Ramanathapuram","state":"Tamil Nadu"}},
{"type":"Feature","geometry":{"type":"MultiPolygon","coordinates":[[[[79.472,10.316],[79.501,10.37],[79.631,10.378],[79.652,10.825],[79.724,10.929],[79.849,10.827],[79.872,10.36],[79.768,10.272],[79.472,10.316]]],[[[79.516,10.97],[79.527,11.183],[79.813,11.424],[79.851,10.985],[79.748,10.996],[79.516,10.97]]]]},"properties":{"id":"nagapattinam-tamil-nadu","district":"Nagapattinam","state":"Tamil Nadu"}},
{"type":"Feature","geometry":{"type":"Polygon","coordinates":[[[78.718,11.984],[78.959,12.069],[79.172,12.03],[79.432,11.783],[79.384,11.681],[79.184,11.586],[79.019,11.595],[78.878,11.508],[78.843,11.523],[78.643,11.769],[78.627,11.869],[78.718,11.984]]]},"properties":{"id":"kallakurichi-tamil-nadu","district":"Kallakurichi","state":"Tamil Nadu"}},
{"type":"Feature","geometry":{"type":"Polygon","coordinates":[[[77.34,9.42],[77.508,9.332],[77.848,9.245],[77.702,9.064],[77.624,9.057],[77.568,8.789],[77.445,8.742],[77.256,8.879],[77.204,9.07],[77.282,9.299],[77.34,9.42]]]},"properties":{"id":"tenkasi-tamil-nadu","district":"Tenkasi","state":"Tamil Nadu"}},
{"type":"Feature","geometry":{"type":"Polygon","coordinates":[[[77.702,9.064],[77.805,8.878],[77.851,8.357],[77.97,8.335],[77.794,8.163],[77.589,8.14],[77.439,8.507],[77.27,8.578],[77.199,8.771],[77.256,8.879],[77.445,8.742],[77.568,8.789],[77.624,9.057],[77.702,9.064]]]},"properties":{"id":"tirunelveli-tamil-nadu","district":"Tirunelveli","state":"Tamil Nadu"}},
{"type":"Feature","geometry":{"type":"Polygon","coordinates":[[[79.209,12.785],[78.858,12.634],[78.782,12.847],[78.603,12.844],[78.621,12.991],[78.892,13.096],[79.163,13.02],[79.228,13.158],[79.294,13.052],[79.189,12.913],[79.209,12.785]]]},"properties":{"id":"vellore-tamil-nadu","district":"Vellore","state":"Tamil Nadu"}},
{"type":"Feature","geometry":{"type":"Polygon","coordinates":[[[79.284,13.123],[79.736,13.167],[79.79,13.024],[79.56,12.854],[79.45,12.671],[79.209,12.785],[79.189,12.913],[79.294,13.052],[79.228,13.158],[79.284,13.123]]]},"properties":{"id":"ranipet-tamil-nadu","district":"Ranipet","state":"Tamil Nadu"}},
{"type":"Feature","geometry":{"type":"Polygon","coordinates":[[[78.647,12.259],[78.568,12.388],[78.436,12.395],[78.412,12.627],[78.603,12.844],[78.782,12.847],[78.858,12.634],[78.71,12.304],[78.647,12.259]]]},"properties":{"id":"tirupathur-tamil-nadu","district":"Tirupathur","state":"Tamil Nadu"}},
{"type":"Feature","geometry":{"type":"Polygon","coordinates":[[[79.79,13.024],[79.891,12.945],[80.08,13.016],[80.053,12.839],[79.909,12.799],[79.924,12.632],[79.744,12.532],[79.631,12.631],[79.745,12.744],[79.56,12.854],[79.79,13.024]]]},"properties":{"id":"kancheepuram-tamil-nadu","district":"Kancheepuram","state":"Tamil Nadu"}},
{"type":"Feature","geometry":{"type":"Polygon","coordinates":[[[80.08,13.016],[80.128,13.034],[80.25,12.858],[80.138,12.411],[80.008,12.254],[79.64,12.345],[79.744,12.532],[79.924,12.632],[79.909,12.799],[80.053,12.839],[80.08,13.016]]]},"properties":{"id":"chengalpattu-tamil-nadu","district":"Chengalpattu","state":"Tamil Nadu"}},
{"type":"Feature","geometry":{"type":"Polygon","coordinates":[[[76.782,21.559],[76.662,21.281],[76.383,21.076],[76.167,21.079],[76.159,21.255],[75.987,21.369],[76.077,21.572],[76.377,21.599],[76.782,21.559]]]},"properties":{"id":"burhanpur-madhya-pradesh","district":"Burhanpur","state":"Madhya Pradesh"}},
{"type":"Feature","geometry":{"type":"Polygon","coordinates":[[[80.661,21.333],[80.464,21.175],[80.464,20.929],[80.562,20.823],[80.333,20.82],[80.242,20.656],[79.982,20.678],[79.863,20.782],[79.94,20.957],[80.071,20.957],[80.063,21.201],[79.825,21.273],[79.796,21.376],[79.918,21.524],[80.268,21.618],[80.423,21.441],[80.661,21.333]]]},"properties":{"id":"gondia-maharashtra","district":"Gondia","state":"Maharashtra"}},
{"type":"Feature","geometry":{"type":"Polygon","coordinates":[[[79.918,21.524],[79.796,21.376],[79.825,21.273],[80.063,21.201],[80.071,20.957],[79.94,20.957],[79.863,20.782],[79.982,20.678],[79.933,20.673],[79.661,20.667],[79.519,20.715],[79.655,20.965],[79.476,21.428],[79.539,21.541],[79.739,21.603],[79.918,21.524]]]},"properties":{"id":"bhandara-maharashtra","district":"Bhandara","state":"Maharashtra"}},
{"type":"Feature","geometry":{"type":"Polygon","coordinates":[[[75.987,21.369],[76.159,21.255],[76.167,21.079],[76.383,21.076],[76.346,20.951],[76.164,21.036],[75.985,20.761],[76.006,20.647],[75.528,20.555],[75.257,20.576],[75.227,20.495],[74.934,20.271],[74.801,20.445],[74.812,20.632],[74.986,20.738],[74.895,21.149],[75.037,21.192],[75.211,21.412],[75.609,21.39],[75.987,21.369]]]},"properties":{"id":"jalgaon-maharashtra","district":"Jalgaon","state":"Maharashtra"}},
{"type":"Feature","geometry":{"type":"Polygon","coordinates":[[[83.269,21.377],[83.192,21.139],[82.966,21.175],[82.64,21.155],[82.639,21.089],[82.46,20.826],[82.339,20.874],[81.989,21.083],[82.028,21.233],[82.194,21.379],[82.389,21.262],[82.472,21.328],[82.697,21.331],[82.691,21.484],[82.934,21.497],[83.269,21.377]]]},"properties":{"id":"mahasamund-chhattisgarh","district":"Mahasamund","state":"Chhattisgarh"}},
{"type":"Feature","geometry":{"type":"Polygon","coordinates":[[[78.251,21.331],[78.446,21.237],[78.942,20.768],[79.221,20.583],[79.132,20.458],[78.817,20.397],[78.799,20.299],[78.508,20.525],[78.262,20.579],[78.274,20.693],[78.257,20.886],[78.143,20.954],[78.079,21.355],[78.251,21.331]]]},"properties":{"id":"wardha-maharashtra","district":"Wardha","state":"Maharashtra"}},
{"type":"Feature","geometry":{"type":"Polygon","coordinates":[[[76.383,21.076],[76.662,21.281],[76.783,21.193],[76.774,20.775],[76.708,20.5],[76.82,20.28],[76.669,20.126],[76.64,19.866],[76.537,19.849],[76.494,19.92],[76.098,19.857],[75.964,19.998],[76.095,20.096],[76.141,20.301],[75.967,20.37],[75.976,20.532],[76.006,20.647],[75.985,20.761],[76.164,21.036],[76.346,20.951],[76.383,21.076]]]},"properties":{"id":"buldhana-maharashtra","district":"Buldhana","state":"Maharashtra"}},
{"type":"Feature","geometry":{"type":"Polygon","coordinates":[[[72.775,20.132],[72.829,20.368],[72.887,20.462],[72.855,20.75],[73.047,20.7],[73.073,20.601],[73.407,20.624],[73.468,20.496],[73.416,20.205],[73.249,20.122],[73.211,20.121],[73.043,20.326],[72.962,20.209],[72.775,20.132]]]},"properties":{"id":"valsad-gujarat","district":"Valsad","state":"Gujarat"}},
{"type":"Feature","geometry":{"type":"Polygon","coordinates":[[[76.82,20.28],[76.708,20.5],[76.774,20.775],[76.783,21.193],[77.167,21.243],[77.129,20.863],[77.53,20.849],[77.611,20.719],[77.34,20.576],[77.182,20.398],[77.014,20.412],[76.82,20.28]]]},"properties":{"id":"akola-maharashtra","district":"Akola","state":"Maharashtra"}},
{"type":"Feature","geometry":{"type":"Polygon","coordinates":[[[86.622,20.796],[86.361,20.848],[86.286,21.016],[86.367,21.237],[86.515,21.135],[86.859,21.214],[86.853,21.094],[86.977,20.86],[86.806,20.735],[86.622,20.796]]]},"properties":{"id":"bhadrak-odisha","district":"Bhadrak","state":"Odisha"}},
{"type":"Feature","geometry":{"type":"Polygon","coordinates":[[[85.712,21.138],[85.75,20.992],[85.899,20.847],[85.916,20.701],[85.787,20.672],[85.585,20.514],[85.252,20.518],[85.127,20.616],[85.255,20.796],[85.231,21.072],[85.394,21.183],[85.712,21.138]]]},"properties":{"id":"dhenkanal-odisha","district":"Dhenkanal","state":"Odisha"}},
{"type":"Feature","geometry":{"type":"Polygon","coordinates":[[[86.286,21.016],[86.361,20.848],[86.622,20.796],[86.377,20.594],[86.28,20.581],[86.041,20.592],[85.916,20.701],[85.899,20.847],[85.75,20.992],[85.712,21.138],[85.822,21.091],[86.027,21.138],[86.286,21.016]]]},"properties":{"id":"jajpur-odisha","district":"Jajpur","state":"Odisha"}},
{"type":"Feature","geometry":{"type":"Polygon","coordinates":[[[84.279,20.922],[84.267,20.881],[83.762,20.781],[83.685,20.559],[83.602,20.53],[83.665,20.705],[83.457,21.058],[83.605,21.128],[83.894,21.175],[84.018,21.051],[84.279,20.922]]]},"properties":{"id":"subarnapur-odisha","district":"Subarnapur","state":"Odisha"}},
{"type":"Feature","geometry":{"type":"Polygon","coordinates":[[[82.339,20.874],[82.46,20.826],[82.639,21.089],[82.694,21.02],[82.701,20.728],[82.684,20.46],[82.862,20.229],[82.821,20.166],[82.718,19.989],[82.398,20.056],[82.438,20.434],[82.339,20.874]]]},"properties":{"id":"nuapada-odisha","district":"Nuapada","state":"Odisha"}},
{"type":"Feature","geometry":{"type":"Polygon","coordinates":[[[83.457,21.058],[83.665,20.705],[83.602,20.53],[83.666,20.422],[83.651,20.389],[83.421,20.403],[83.145,20.169],[82.821,20.166],[82.862,20.229],[82.684,20.46],[82.701,20.728],[82.889,20.907],[82.981,20.845],[83.405,20.889],[83.457,21.058]]]},"properties":{"id":"balangir-odisha","district":"Balangir","state":"Odisha"}},
{"type":"Feature","geometry":{"type":"Polygon","coordinates":[[[74.812,20.632],[74.801,20.445],[74.934,20.271],[74.714,20.134],[74.67,19.946],[74.318,19.985],[74.373,19.802],[74.167,19.73],[74.119,19.641],[73.925,19.673],[73.616,19.586],[73.485,19.725],[73.407,20.019],[73.249,20.122],[73.416,20.205],[73.468,20.496],[73.407,20.624],[73.474,20.72],[73.745,20.565],[73.838,20.621],[73.942,20.84],[74.158,20.862],[74.538,20.837],[74.65,20.694],[74.812,20.632]]]},"properties":{"id":"nashik-maharashtra","district":"Nashik","state":"Maharashtra"}},
{"type":"Feature","geometry":{"type":"Polygon","coordinates":[[[83.602,20.53],[83.685,20.559],[83.762,20.781],[84.267,20.881],[84.36,20.765],[84.767,20.603],[84.682,20.433],[84.51,20.396],[84.388,20.53],[84.226,20.581],[83.874,20.583],[83.814,20.436],[83.666,20.422],[83.602,20.53]]]},"properties":{"id":"boudh-odisha","district":"Boudh","state":"Odisha"}},
{"type":"Feature","geometry":{"type":"Polygon","coordinates":[[[79.982,20.678],[80.242,20.656],[80.333,20.82],[80.562,20.823],[80.626,20.332],[80.395,20.244],[80.545,20.1],[80.469,19.827],[80.672,19.703],[80.895,19.52],[80.852,19.365],[80.752,19.288],[80.482,19.337],[80.271,18.943],[80.349,18.848],[80.276,18.72],[80.118,18.68],[79.914,18.826],[79.929,19.158],[79.978,19.399],[79.806,19.579],[79.738,19.816],[79.99,20.045],[79.933,20.673],[79.982,20.678]]]},"properties":{"id":"gadchiroli-maharashtra","district":"Gadchiroli","state":"Maharashtra"}},
{"type":"Feature","geometry":{"type":"Polygon","coordinates":[[[76.64,19.866],[76.669,20.126],[76.82,20.28],[77.014,20.412],[77.182,20.398],[77.34,20.576],[77.611,20.719],[77.65,20.565],[77.574,20.4],[77.67,20.101],[77.372,20.047],[77.285,19.909],[77.036,20.008],[76.64,19.866]]]},"properties":{"id":"washim-maharashtra","district":"Washim","state":"Maharashtra"}},
{"type":"Feature","geometry":{"type":"Polygon","coordinates":[[[85.127,20.616],[85.252,20.518],[85.585,20.514],[85.787,20.672],[85.916,20.701],[86.041,20.592],[86.28,20.581],[86.249,20.365],[86.151,20.214],[86.182,20.053],[86.081,20.104],[85.786,20.434],[85.624,20.293],[85.33,20.279],[84.848,20.528],[85.127,20.616]]]},"properties":{"id":"cuttack-odisha","district":"Cuttack","state":"Odisha"}},
{"type":"Feature","geometry":{"type":"Polygon","coordinates":[[[79.519,20.715],[79.661,20.667],[79.933,20.673],[79.99,20.045],[79.738,19.816],[79.806,19.579],[79.744,19.609],[79.472,19.501],[79.253,19.593],[78.936,19.55],[78.842,19.762],[79.072,19.818],[79.108,20.009],[78.921,20.254],[78.799,20.299],[78.817,20.397],[79.132,20.458],[79.221,20.583],[79.519,20.715]]]},"properties":{"id":"chandrapur-maharashtra","district":"Chandrapur","state":"Maharashtra"}},
{"type":"Feature","geometry":{"type":"Polygon","coordinates":[[[78.274,20.693],[78.262,20.579],[78.508,20.525],[78.799,20.299],[78.921,20.254],[79.108,20.009],[79.072,19.818],[78.842,19.762],[78.432,19.814],[78.306,19.912],[77.953,19.909],[77.863,19.745],[78.031,19.692],[78.189,19.558],[78.068,19.458],[77.907,19.534],[77.799,19.45],[77.606,19.648],[77.458,19.682],[77.285,19.909],[77.372,20.047],[77.67,20.101],[77.574,20.4],[77.65,20.565],[77.779,20.54],[78.274,20.693]]]},"properties":{"id":"yavatmal-maharashtra","district":"Yavatmal","state":"Maharashtra"}},
{"type":"Feature","geometry":{"type":"Polygon","coordinates":[[[83.651,20.389],[83.666,20.422],[83.814,20.436],[83.874,20.583],[84.226,20.581],[84.388,20.53],[84.51,20.396],[84.587,20.174],[84.454,20.167],[84.363,20.026],[84.461,19.857],[84.185,19.861],[84.233,19.574],[83.94,19.635],[83.619,19.814],[83.496,19.96],[83.588,20.099],[83.711,20.101],[83.651,20.389]]]},"properties":{"id":"kandhamal-odisha","district":"Kandhamal","state":"Odisha"}},
{"type":"Feature","geometry":{"type":"Polygon","coordinates":[[[75.976,20.532],[75.967,20.37],[76.141,20.301],[76.095,20.096],[75.964,19.998],[76.098,19.857],[76.494,19.92],[76.537,19.849],[76.513,19.825],[76.442,19.541],[76.288,19.433],[76.208,19.274],[75.944,19.292],[75.912,19.392],[75.606,19.385],[75.655,19.569],[75.655,19.908],[75.592,20.007],[75.765,20.452],[75.976,20.532]]]},"properties":{"id":"jalna-maharashtra","district":"Jalna","state":"Maharashtra"}},
{"type":"Feature","geometry":{"type":"Polygon","coordinates":[[[84.51,20.396],[84.682,20.433],[84.767,20.603],[84.848,20.528],[85.33,20.279],[85.419,19.924],[84.94,19.898],[84.704,20.279],[84.587,20.174],[84.51,20.396]]]},"properties":{"id":"nayagarh-odisha","district":"Nayagarh","state":"Odisha"}},
{"type":"Feature","geometry":{"type":"Polygon","coordinates":[[[80.672,19.703],[80.469,19.827],[80.545,20.1],[80.992,20.459],[81.149,20.376],[81.325,20.563],[81.411,20.554],[81.692,20.481],[81.814,20.167],[81.585,20.195],[81.291,20.022],[81.406,19.88],[81.374,19.78],[81.085,19.707],[80.843,19.948],[80.672,19.703]]]},"properties":{"id":"uttar-bastar-kanker-chhattisgarh","district":"Uttar Bastar Kanker","state":"Chhattisgarh"}},
{"type":"Feature","geometry":{"type":"Polygon","coordinates":[[[85.33,20.279],[85.624,20.293],[85.786,20.434],[86.081,20.104],[85.703,20.143],[85.679,20.067],[85.252,19.767],[85.183,19.673],[84.94,19.898],[85.419,19.924],[85.33,20.279]]]},"properties":{"id":"khordha-odisha","district":"Khordha","state":"Odisha"}},
{"type":"Feature","geometry":{"type":"Polygon","coordinates":[[[82.718,19.989],[82.821,20.166],[83.145,20.169],[83.421,20.403],[83.651,20.389],[83.711,20.101],[83.588,20.099],[83.496,19.96],[83.454,19.737],[83.186,19.457],[83.07,19.561],[82.871,19.196],[82.856,19.205],[82.567,19.545],[82.594,19.776],[82.718,19.989]]]},"properties":{"id":"kalahandi-odisha","district":"Kalahandi","state":"Odisha"}},
{"type":"Feature","geometry":{"type":"Polygon","coordinates":[[[86.182,20.053],[86.151,20.214],[86.249,20.365],[86.777,20.335],[86.533,20.181],[86.37,19.982],[86.182,20.053]]]},"properties":{"id":"jagatsinghpur-odisha","district":"Jagatsinghpur","state":"Odisha"}},
{"type":"Feature","geometry":{"type":"Polygon","coordinates":[[[86.081,20.104],[86.182,20.053],[86.37,19.982],[86.228,19.901],[85.679,19.745],[85.172,19.468],[85.183,19.673],[85.252,19.767],[85.679,20.067],[85.703,20.143],[86.081,20.104]]]},"properties":{"id":"puri-odisha","district":"Puri","state":"Odisha"}},
{"type":"Feature","geometry":{"type":"Polygon","coordinates":[[[73.616,19.586],[73.925,19.673],[74.119,19.641],[74.167,19.73],[74.373,19.802],[74.318,19.985],[74.67,19.946],[74.717,19.78],[74.884,19.656],[75.153,19.589],[75.476,19.426],[75.52,19.278],[75.285,19.035],[75.071,19.055],[74.942,19.134],[74.824,18.933],[75.156,18.642],[75.208,18.739],[75.381,18.769],[75.584,18.696],[75.415,18.532],[75.312,18.521],[74.832,18.335],[74.578,18.549],[74.174,19.032],[74.219,19.202],[74.031,19.251],[73.78,19.387],[73.616,19.586]]]},"properties":{"id":"ahmednagar-maharashtra","district":"Ahmednagar","state":"Maharashtra"}},
{"type":"Feature","geometry":{"type":"Polygon","coordinates":[[[82.594,19.776],[82.567,19.545],[82.856,19.205],[82.616,19.158],[82.518,19.202],[82.206,19.121],[82.189,19.428],[82.028,19.508],[82.065,19.791],[81.869,19.902],[81.875,20.052],[82.018,20.049],[82.446,19.91],[82.594,19.776]]]},"properties":{"id":"nabarangapur-odisha","district":"Nabarangapur","state":"Odisha"}},
{"type":"Feature","geometry":{"type":"Polygon","coordinates":[[[76.537,19.849],[76.64,19.866],[77.036,20.008],[77.285,19.909],[77.458,19.682],[77.47,19.492],[77.085,19.109],[76.849,19.509],[76.912,19.642],[76.513,19.825],[76.537,19.849]]]},"properties":{"id":"hingoli-maharashtra","district":"Hingoli","state":"Maharashtra"}},
{"type":"Feature","geometry":{"type":"Polygon","coordinates":[[[83.496,19.96],[83.619,19.814],[83.94,19.635],[84.015,19.377],[84.033,19.132],[83.951,18.998],[83.793,19.018],[83.756,18.911],[83.663,19.099],[83.348,19.018],[83.136,19.136],[82.871,19.196],[83.07,19.561],[83.186,19.457],[83.454,19.737],[83.496,19.96]]]},"properties":{"id":"rayagada-odisha","district":"Rayagada","state":"Odisha"}},
{"type":"Feature","geometry":{"type":"Polygon","coordinates":[[[77.458,19.682],[77.606,19.648],[77.799,19.45],[77.907,19.534],[78.068,19.458],[78.189,19.558],[78.031,19.692],[77.863,19.745],[77.953,19.909],[78.306,19.912],[78.276,19.692],[78.309,19.481],[78.193,19.317],[77.863,19.304],[77.797,19.073],[77.843,18.908],[77.949,18.844],[77.84,18.805],[77.739,18.556],[77.597,18.549],[77.551,18.292],[77.265,18.423],[77.268,18.613],[77.046,18.683],[76.99,18.828],[77.085,19.109],[77.47,19.492],[77.458,19.682]]]},"properties":{"id":"nanded-maharashtra","district":"Nanded","state":"Maharashtra"}},
{"type":"Feature","geometry":{"type":"Polygon","coordinates":[[[80.852,19.365],[80.895,19.52],[80.672,19.703],[80.843,19.948],[81.085,19.707],[81.374,19.78],[81.486,19.688],[81.343,19.319],[81.129,19.256],[80.955,19.237],[80.852,19.365]]]},"properties":{"id":"narayanpur-chhattisgarh","district":"Narayanpur","state":"Chhattisgarh"}},
{"type":"Feature","geometry":{"type":"Polygon","coordinates":[[[76.208,19.274],[76.288,19.433],[76.442,19.541],[76.513,19.825],[76.912,19.642],[76.849,19.509],[77.085,19.109],[76.99,18.828],[76.722,18.75],[76.477,18.954],[76.361,19.157],[76.208,19.274]]]},"properties":{"id":"parbhani-maharashtra","district":"Parbhani","state":"Maharashtra"}},
{"type":"Feature","geometry":{"type":"Polygon","coordinates":[[[73.78,19.387],[74.031,19.251],[74.219,19.202],[74.174,19.032],[74.578,18.549],[74.832,18.335],[75.022,18.189],[75.052,17.905],[74.71,18.03],[74.46,18.046],[73.905,18.159],[73.858,18.031],[73.658,18.03],[73.653,18.173],[73.421,18.303],[73.369,18.795],[73.532,19.031],[73.526,19.13],[73.78,19.387]]]},"properties":{"id":"pune-maharashtra","district":"Pune","state":"Maharashtra"}},
{"type":"Feature","geometry":{"type":"Polygon","coordinates":[[[75.606,19.385],[75.912,19.392],[75.944,19.292],[76.208,19.274],[76.361,19.157],[76.477,18.954],[76.722,18.75],[76.496,18.613],[76.274,18.559],[76.057,18.571],[75.939,18.642],[75.584,18.696],[75.381,18.769],[75.208,18.739],[75.156,18.642],[74.824,18.933],[74.942,19.134],[75.071,19.055],[75.285,19.035],[75.52,19.278],[75.476,19.426],[75.606,19.385]]]},"properties":{"id":"beed-maharashtra","district":"Beed","state":"Maharashtra"}},
{"type":"Feature","geometry":{"type":"Polygon","coordinates":[[[72.836,18.864],[72.784,19.264],[72.98,19.154],[72.956,18.988],[72.836,18.864]]]},"properties":{"id":"mumbai-maharashtra","district":"Mumbai","state":"Maharashtra"}},
{"type":"Feature","geometry":{"type":"Polygon","coordinates":[[[82.856,19.205],[82.871,19.196],[83.136,19.136],[83.348,19.018],[83.412,18.874],[82.999,18.609],[83.077,18.404],[82.773,18.342],[82.606,18.367],[82.428,18.486],[82.415,18.563],[82.171,18.639],[82.091,18.738],[82.246,18.919],[82.206,19.121],[82.518,19.202],[82.616,19.158],[82.856,19.205]]]},"properties":{"id":"koraput-odisha","district":"Koraput","state":"Odisha"}},
{"type":"Feature","geometry":{"type":"Polygon","coordinates":[[[83.756,18.911],[83.793,19.018],[83.891,18.816],[84.09,18.758],[84.319,18.789],[84.423,18.949],[84.701,19.119],[84.764,19.075],[84.354,18.555],[84.128,18.313],[83.663,18.079],[83.674,18.283],[83.585,18.354],[83.538,18.71],[83.756,18.911]]]},"properties":{"id":"srikakulam-andhra-pradesh","district":"Srikakulam","state":"Andhra Pradesh"}},
{"type":"Feature","geometry":{"type":"Polygon","coordinates":[[[83.348,19.018],[83.663,19.099],[83.756,18.911],[83.538,18.71],[83.585,18.354],[83.674,18.283],[83.663,18.079],[83.519,17.95],[83.273,18.008],[83.206,17.847],[83.007,18.035],[83.152,18.191],[83.077,18.404],[82.999,18.609],[83.412,18.874],[83.348,19.018]]]},"properties":{"id":"vizianagaram-andhra-pradesh","district":"Vizianagaram","state":"Andhra Pradesh"}},
{"type":"Feature","geometry":{"type":"Polygon","coordinates":[[[76.99,18.828],[77.046,18.683],[77.268,18.613],[77.265,18.423],[77.065,18.151],[76.951,18.188],[76.919,17.916],[76.74,17.899],[76.598,18.031],[76.279,18.109],[76.317,18.329],[76.274,18.559],[76.496,18.613],[76.722,18.75],[76.99,18.828]]]},"properties":{"id":"latur-maharashtra","district":"Latur","state":"Maharashtra"}},
{"type":"Feature","geometry":{"type":"Polygon","coordinates":[[[75.312,18.521],[75.415,18.532],[75.584,18.696],[75.939,18.642],[76.057,18.571],[76.274,18.559],[76.317,18.329],[76.279,18.109],[76.598,18.031],[76.74,17.899],[76.685,17.682],[76.523,17.76],[76.429,17.643],[76.165,17.7],[76.019,17.828],[75.896,18.358],[75.705,18.395],[75.569,18.236],[75.438,18.204],[75.312,18.521]]]},"properties":{"id":"osmanabad-maharashtra","district":"Osmanabad","state":"Maharashtra"}},
{"type":"Feature","geometry":{"type":"Polygon","coordinates":[[[82.091,18.738],[82.171,18.639],[82.415,18.563],[82.428,18.486],[82.314,18.185],[82.319,18.045],[82.031,18.07],[81.979,18.013],[81.617,17.824],[81.397,17.818],[81.482,17.977],[81.53,18.24],[81.911,18.57],[81.9,18.661],[82.091,18.738]]]},"properties":{"id":"malkangiri-odisha","district":"Malkangiri","state":"Odisha"}},
{"type":"Feature","geometry":{"type":"Polygon","coordinates":[[[74.832,18.335],[75.312,18.521],[75.438,18.204],[75.569,18.236],[75.705,18.395],[75.896,18.358],[76.019,17.828],[76.165,17.7],[76.429,17.643],[76.332,17.597],[76.383,17.315],[76.075,17.337],[75.932,17.323],[75.633,17.477],[75.604,17.305],[75.239,17.216],[74.886,17.221],[75.035,17.419],[74.907,17.627],[74.869,17.726],[74.636,17.873],[74.71,18.03],[75.052,17.905],[75.022,18.189],[74.832,18.335]]]},"properties":{"id":"solapur-maharashtra","district":"Solapur","state":"Maharashtra"}},
{"type":"Feature","geometry":{"type":"Polygon","coordinates":[[[82.428,18.486],[82.606,18.367],[82.773,18.342],[83.077,18.404],[83.152,18.191],[83.007,18.035],[83.206,17.847],[83.273,18.008],[83.519,17.95],[83.347,17.726],[83.162,17.56],[82.542,17.249],[82.603,17.455],[82.345,17.495],[82.229,17.639],[82.002,17.639],[81.979,18.013],[82.031,18.07],[82.319,18.045],[82.314,18.185],[82.428,18.486]]]},"properties":{"id":"visakhapatnam-andhra-pradesh","district":"Visakhapatnam","state":"Andhra Pradesh"}},
{"type":"Feature","geometry":{"type":"Polygon","coordinates":[[[77.265,18.423],[77.551,18.292],[77.601,18.276],[77.563,18.196],[77.656,17.969],[77.453,17.694],[77.444,17.584],[77.086,17.659],[76.685,17.682],[76.74,17.899],[76.919,17.916],[76.951,18.188],[77.065,18.151],[77.265,18.423]]]},"properties":{"id":"bidar-karnataka","district":"Bidar","state":"Karnataka"}},
{"type":"Feature","geometry":{"type":"Polygon","coordinates":[[[73.658,18.03],[73.858,18.031],[73.905,18.159],[74.46,18.046],[74.71,18.03],[74.636,17.873],[74.869,17.726],[74.907,17.627],[74.806,17.454],[74.685,17.395],[74.285,17.421],[74.246,17.142],[74.031,17.091],[73.694,17.261],[73.667,17.392],[73.745,17.555],[73.569,17.725],[73.572,17.876],[73.658,18.03]]]},"properties":{"id":"satara-maharashtra","district":"Satara","state":"Maharashtra"}},
{"type":"Feature","geometry":{"type":"Polygon","coordinates":[[[73.572,17.876],[73.569,17.725],[73.745,17.555],[73.667,17.392],[73.694,17.261],[73.707,17.171],[73.832,17.025],[73.71,16.83],[73.852,16.648],[73.468,16.494],[73.347,16.53],[73.277,16.891],[73.289,17.116],[73.184,17.385],[73.177,17.583],[73.044,17.982],[73.288,18.071],[73.373,17.925],[73.572,17.876]]]},"properties":{"id":"ratnagiri-maharashtra","district":"Ratnagiri","state":"Maharashtra"}},
{"type":"Feature","geometry":{"type":"Polygon","coordinates":[[[76.429,17.643],[76.523,17.76],[76.685,17.682],[77.086,17.659],[77.444,17.584],[77.686,17.511],[77.513,17.43],[77.38,17.223],[77.467,16.955],[77.459,16.885],[77.166,16.94],[76.87,16.896],[76.734,16.779],[76.462,16.711],[76.37,16.769],[76.441,16.997],[76.075,17.337],[76.383,17.315],[76.332,17.597],[76.429,17.643]]]},"properties":{"id":"kalaburagi-karnataka","district":"Kalaburagi","state":"Karnataka"}},
{"type":"Feature","geometry":{"type":"Polygon","coordinates":[[[74.907,17.627],[75.035,17.419],[74.886,17.221],[75.239,17.216],[75.604,17.305],[75.665,16.979],[75.341,16.956],[75.182,16.843],[75.089,16.952],[74.696,16.715],[74.474,16.868],[74.066,16.902],[73.849,17.151],[73.707,17.171],[73.694,17.261],[74.031,17.091],[74.246,17.142],[74.285,17.421],[74.685,17.395],[74.806,17.454],[74.907,17.627]]]},"properties":{"id":"sangli-maharashtra","district":"Sangli","state":"Maharashtra"}},
{"type":"Feature","geometry":{"type":"Polygon","coordinates":[[[73.852,16.648],[73.71,16.83],[73.832,17.025],[73.707,17.171],[73.849,17.151],[74.066,16.902],[74.474,16.868],[74.696,16.715],[74.315,16.555],[74.317,16.326],[74.48,16.249],[74.464,16.039],[74.346,15.764],[74.21,15.781],[73.908,16.137],[73.832,16.344],[73.887,16.449],[73.852,16.648]]]},"properties":{"id":"kolhapur-maharashtra","district":"Kolhapur","state":"Maharashtra"}},
{"type":"Feature","geometry":{"type":"Polygon","coordinates":[[[80.831,15.706],[80.895,15.922],[80.799,16.282],[80.664,16.472],[80.472,16.589],[80.14,16.654],[80.073,16.817],[80.056,16.971],[80.187,17.021],[80.322,16.879],[80.57,16.768],[80.602,16.919],[80.505,17.069],[80.877,17.07],[80.996,16.828],[80.973,16.626],[81.189,16.622],[81.553,16.347],[81.392,16.343],[81.213,16.208],[81.148,15.974],[81.008,15.755],[80.831,15.706]]]},"properties":{"id":"krishna-andhra-pradesh","district":"Krishna","state":"Andhra Pradesh"}},
{"type":"Feature","geometry":{"type":"Polygon","coordinates":[[[74.696,16.715],[75.089,16.952],[75.182,16.843],[75.341,16.956],[75.384,16.764],[75.259,16.607],[74.988,16.453],[75.043,16.318],[75.234,16.259],[75.276,16.12],[75.419,16.053],[75.451,15.886],[75.289,15.691],[74.831,15.61],[74.739,15.415],[74.613,15.359],[74.278,15.522],[74.118,15.651],[74.21,15.781],[74.346,15.764],[74.464,16.039],[74.48,16.249],[74.317,16.326],[74.315,16.555],[74.696,16.715]]]},"properties":{"id":"belagavi-karnataka","district":"Belagavi","state":"Karnataka"}},
{"type":"Feature","geometry":{"type":"Polygon","coordinates":[[[76.462,16.711],[76.734,16.779],[76.87,16.896],[77.166,16.94],[77.459,16.885],[77.416,16.518],[77.288,16.409],[77.01,16.545],[76.481,16.292],[76.332,16.194],[76.332,16.427],[76.435,16.438],[76.462,16.711]]]},"properties":{"id":"yadgir-karnataka","district":"Yadgir","state":"Karnataka"}},
{"type":"Feature","geometry":{"type":"Polygon","coordinates":[[[75.451,15.886],[75.419,16.053],[75.276,16.12],[75.234,16.259],[75.043,16.318],[74.988,16.453],[75.259,16.607],[75.384,16.764],[75.633,16.443],[76.239,16.166],[76.282,15.903],[75.876,15.932],[75.847,15.838],[75.529,15.834],[75.451,15.886]]]},"properties":{"id":"bagalkote-karnataka","district":"Bagalkote","state":"Karnataka"}},
{"type":"Feature","geometry":{"type":"Polygon","coordinates":[[[73.347,16.53],[73.468,16.494],[73.852,16.648],[73.887,16.449],[73.832,16.344],[73.908,16.137],[74.21,15.781],[74.118,15.651],[73.939,15.742],[73.685,15.728],[73.511,15.937],[73.347,16.53]]]},"properties":{"id":"sindhudurg-maharashtra","district":"Sindhudurg","state":"Maharashtra"}},
{"type":"Feature","geometry":{"type":"Polygon","coordinates":[[[80.073,16.817],[80.14,16.654],[80.472,16.589],[80.664,16.472],[80.799,16.282],[80.895,15.922],[80.831,15.706],[80.68,15.885],[80.418,15.799],[80.302,16.056],[80.137,16.046],[79.878,16.155],[79.869,15.917],[79.747,15.859],[79.559,15.948],[79.537,16.163],[79.215,16.226],[79.21,16.357],[79.258,16.566],[79.418,16.581],[79.68,16.693],[79.793,16.725],[79.949,16.636],[80.073,16.817]]]},"properties":{"id":"guntur-andhra-pradesh","district":"Guntur","state":"Andhra Pradesh"}},
{"type":"Feature","geometry":{"type":"Polygon","coordinates":[[[81.397,17.818],[81.617,17.824],[81.979,18.013],[82.002,17.639],[82.229,17.639],[82.345,17.495],[82.603,17.455],[82.542,17.249],[82.319,17.058],[82.362,16.856],[82.314,16.559],[81.715,16.311],[81.859,16.599],[81.744,16.794],[81.745,16.964],[81.616,17.331],[81.501,17.481],[80.911,17.638],[80.886,17.736],[81.085,17.797],[81.166,17.858],[81.397,17.818]],[[82.186,16.737],[82.2,16.721],[82.239,16.717],[82.267,16.695],[82.27,16.722],[82.186,16.737]]]},"properties":{"id":"east-godavari-andhra-pradesh","district":"East Godavari","state":"Andhra Pradesh"}},
{"type":"Feature","geometry":{"type":"Polygon","coordinates":[[[76.332,16.194],[76.481,16.292],[77.01,16.545],[77.288,16.409],[77.594,16.343],[77.5,16.222],[77.514,15.928],[77.248,15.965],[77.026,15.837],[76.811,15.547],[76.597,15.7],[76.447,15.734],[76.427,15.891],[76.282,15.903],[76.239,16.166],[76.332,16.194]]]},"properties":{"id":"raichur-karnataka","district":"Raichur","state":"Karnataka"}},
{"type":"Feature","geometry":{"type":"Polygon","coordinates":[[[79.215,16.226],[79.537,16.163],[79.559,15.948],[79.747,15.859],[79.869,15.917],[79.878,16.155],[80.137,16.046],[80.302,16.056],[80.418,15.799],[80.251,15.634],[80.123,15.368],[80.04,15.009],[79.735,15.031],[79.261,15.107],[79.089,15.048],[79.083,15.173],[78.759,15.184],[78.771,15.665],[78.809,15.867],[78.91,15.968],[78.923,16.123],[79.03,16.241],[79.215,16.226]]]},"properties":{"id":"prakasam-andhra-pradesh","district":"Prakasam","state":"Andhra Pradesh"}},
{"type":"Feature","geometry":{"type":"Polygon","coordinates":[[[77.026,15.837],[77.248,15.965],[77.514,15.928],[78.083,15.841],[78.248,15.972],[78.256,16.009],[78.601,16.084],[78.741,16.009],[78.923,16.123],[78.91,15.968],[78.809,15.867],[78.771,15.665],[78.759,15.184],[78.762,15.055],[78.631,14.926],[78.485,15.037],[78.29,15.071],[78.134,14.961],[78.014,15.113],[77.748,15.13],[77.664,15.235],[77.363,15.222],[77.156,15.14],[77.063,15.328],[77.026,15.837]]]},"properties":{"id":"kurnool-andhra-pradesh","district":"Kurnool","state":"Andhra Pradesh"}},
{"type":"Feature","geometry":{"type":"Polygon","coordinates":[[[75.847,15.838],[75.876,15.932],[76.282,15.903],[76.427,15.891],[76.447,15.734],[76.597,15.7],[76.811,15.547],[76.493,15.345],[76.364,15.328],[75.951,15.139],[75.824,15.452],[76.039,15.768],[75.847,15.838]]]},"properties":{"id":"koppal-karnataka","district":"Koppal","state":"Karnataka"}},
{"type":"Feature","geometry":{"type":"Polygon","coordinates":[[[75.289,15.691],[75.451,15.886],[75.529,15.834],[75.847,15.838],[76.039,15.768],[75.824,15.452],[75.951,15.139],[75.701,14.949],[75.416,15.085],[75.413,15.299],[75.554,15.647],[75.289,15.691]]]},"properties":{"id":"gadag-karnataka","district":"Gadag","state":"Karnataka"}},
{"type":"Feature","geometry":{"type":"Polygon","coordinates":[[[74.118,15.651],[74.278,15.522],[74.251,15.492],[74.055,15.408],[73.934,15.433],[73.766,15.495],[73.685,15.728],[73.939,15.742],[74.118,15.651]]]},"properties":{"id":"north-goa-goa","district":"North Goa","state":"Goa"}},
{"type":"Feature","geometry":{"type":"Polygon","coordinates":[[[76.811,15.547],[77.026,15.837],[77.063,15.328],[77.156,15.14],[76.985,15.015],[76.8,15.096],[76.76,14.989],[76.644,14.712],[76.511,14.56],[76.334,14.688],[76.184,14.7],[76.129,14.869],[75.802,14.869],[75.759,14.734],[75.701,14.949],[75.951,15.139],[76.364,15.328],[76.493,15.345],[76.811,15.547]]]},"properties":{"id":"ballari-karnataka","district":"Ballari","state":"Karnataka"}},
{"type":"Feature","geometry":{"type":"Polygon","coordinates":[[[74.739,15.415],[74.831,15.61],[75.289,15.691],[75.554,15.647],[75.413,15.299],[75.416,15.085],[75.083,15.075],[74.889,15.051],[74.91,15.251],[74.739,15.415]]]},"properties":{"id":"dharwad-karnataka","district":"Dharwad","state":"Karnataka"}},
{"type":"Feature","geometry":{"type":"Polygon","coordinates":[[[74.278,15.522],[74.613,15.359],[74.739,15.415],[74.91,15.251],[74.889,15.051],[75.083,15.075],[75.103,14.934],[75.051,14.649],[74.901,14.53],[74.948,14.399],[74.89,14.216],[74.665,14.185],[74.667,13.987],[74.583,13.926],[74.515,13.987],[74.395,14.418],[74.263,14.719],[74.118,14.785],[74.086,14.901],[74.297,15.041],[74.323,15.368],[74.251,15.492],[74.278,15.522]]]},"properties":{"id":"uttara-kannada-karnataka","district":"Uttara Kannada","state":"Karnataka"}},
{"type":"Feature","geometry":{"type":"Polygon","coordinates":[[[73.934,15.433],[74.055,15.408],[74.251,15.492],[74.323,15.368],[74.297,15.041],[74.086,14.901],[73.982,15.055],[73.884,15.354],[73.934,15.433]]]},"properties":{"id":"south-goa-goa","district":"South Goa","state":"Goa"}},
{"type":"Feature","geometry":{"type":"Polygon","coordinates":[[[75.416,15.085],[75.701,14.949],[75.759,14.734],[75.797,14.51],[75.69,14.492],[75.532,14.278],[75.349,14.388],[75.346,14.486],[75.188,14.623],[75.051,14.649],[75.103,14.934],[75.083,15.075],[75.416,15.085]]]},"properties":{"id":"haveri-karnataka","district":"Haveri","state":"Karnataka"}},
{"type":"Feature","geometry":{"type":"Polygon","coordinates":[[[77.156,15.14],[77.363,15.222],[77.664,15.235],[77.748,15.13],[78.014,15.113],[78.134,14.961],[78.046,14.774],[78.135,14.695],[78.001,14.488],[78.285,14.292],[78.421,14.284],[78.465,13.995],[78.126,13.787],[77.97,13.959],[77.782,13.819],[77.456,13.683],[77.433,13.844],[77.042,13.933],[76.948,14.095],[77.003,14.198],[77.028,14.062],[77.322,14.031],[77.364,14.275],[77.138,14.337],[77.005,14.235],[76.884,14.348],[76.901,14.49],[76.765,14.602],[76.867,14.97],[76.76,14.989],[76.8,15.096],[76.985,15.015],[77.156,15.14]]]},"properties":{"id":"anantapur-andhra-pradesh","district":"Anantapur","state":"Andhra Pradesh"}},
{"type":"Feature","geometry":{"type":"Polygon","coordinates":[[[80.268,13.565],[80.037,13.538],[79.956,13.708],[79.446,13.892],[79.435,14.244],[79.242,14.593],[79.082,14.982],[79.089,15.048],[79.261,15.107],[79.735,15.031],[80.04,15.009],[80.109,14.739],[80.196,14.586],[80.131,14.229],[80.146,14.042],[80.255,13.783],[80.268,13.565]]]},"properties":{"id":"s-p-s-nellore-andhra-pradesh","district":"S.P.S. Nellore","state":"Andhra Pradesh"}},
{"type":"Feature","geometry":{"type":"Polygon","coordinates":[[[76.511,14.56],[76.644,14.712],[76.76,14.989],[76.867,14.97],[76.765,14.602],[76.901,14.49],[76.884,14.348],[77.005,14.235],[77.003,14.198],[76.948,14.095],[76.722,13.899],[76.621,13.734],[76.354,13.58],[76.273,13.606],[76.029,13.899],[76.062,14.223],[76.136,14.427],[76.459,14.451],[76.511,14.56]]]},"properties":{"id":"chitradurga-karnataka","district":"Chitradurga","state":"Karnataka"}},
{"type":"Feature","geometry":{"type":"Polygon","coordinates":[[[75.759,14.734],[75.802,14.869],[76.129,14.869],[76.184,14.7],[76.334,14.688],[76.511,14.56],[76.459,14.451],[76.136,14.427],[76.062,14.223],[76.029,13.899],[75.878,13.811],[75.806,14.098],[75.604,14.057],[75.399,14.117],[75.532,14.278],[75.69,14.492],[75.797,14.51],[75.759,14.734]]]},"properties":{"id":"davanagere-karnataka","district":"Davanagere","state":"Karnataka"}},
{"type":"Feature","geometry":{"type":"Polygon","coordinates":[[[74.667,13.987],[74.665,14.185],[74.89,14.216],[74.948,14.399],[74.901,14.53],[75.051,14.649],[75.188,14.623],[75.346,14.486],[75.349,14.388],[75.532,14.278],[75.399,14.117],[75.604,14.057],[75.806,14.098],[75.878,13.811],[75.419,13.706],[75.344,13.581],[75.141,13.461],[75.035,13.567],[74.908,13.857],[74.667,13.987]]]},"properties":{"id":"shivamogga-karnataka","district":"Shivamogga","state":"Karnataka"}},
{"type":"Feature","geometry":{"type":"Polygon","coordinates":[[[74.583,13.926],[74.667,13.987],[74.908,13.857],[75.035,13.567],[75.141,13.461],[75.112,13.357],[75.205,13.177],[74.994,13.158],[74.777,13.071],[74.67,13.635],[74.583,13.926]]]},"properties":{"id":"udupi-karnataka","district":"Udupi","state":"Karnataka"}},
{"type":"Feature","geometry":{"type":"Polygon","coordinates":[[[76.029,13.899],[76.273,13.606],[76.354,13.58],[76.364,13.547],[75.728,13.184],[75.71,13.038],[75.558,12.916],[75.516,13.065],[75.205,13.177],[75.112,13.357],[75.141,13.461],[75.344,13.581],[75.419,13.706],[75.878,13.811],[76.029,13.899]]]},"properties":{"id":"chikkamagaluru-karnataka","district":"Chikkamagaluru","state":"Karnataka"}},
{"type":"Feature","geometry":{"type":"Polygon","coordinates":[[[77.456,13.683],[77.782,13.819],[77.97,13.959],[78.126,13.787],[78.196,13.569],[78.134,13.288],[77.935,13.246],[77.828,13.327],[77.433,13.464],[77.386,13.514],[77.456,13.683]]]},"properties":{"id":"chikkaballapura-karnataka","district":"Chikkaballapura","state":"Karnataka"}},
{"type":"Feature","geometry":{"type":"Polygon","coordinates":[[[75.558,12.916],[75.71,13.038],[75.728,13.184],[76.364,13.547],[76.37,13.2],[76.632,13.004],[76.578,12.847],[76.386,12.846],[76.343,12.656],[76.019,12.571],[75.667,12.697],[75.558,12.916]]]},"properties":{"id":"hassan-karnataka","district":"Hassan","state":"Karnataka"}},
{"type":"Feature","geometry":{"type":"Polygon","coordinates":[[[78.231,12.76],[78.057,12.852],[77.866,12.87],[77.935,13.246],[78.134,13.288],[78.196,13.569],[78.401,13.588],[78.364,13.362],[78.586,13.276],[78.467,12.975],[78.253,12.861],[78.231,12.76]]]},"properties":{"id":"kolar-karnataka","district":"Kolar","state":"Karnataka"}},
{"type":"Feature","geometry":{"type":"Polygon","coordinates":[[[77.866,12.87],[77.831,12.866],[77.725,13.193],[77.481,13.224],[77.331,12.975],[77.204,13.185],[77.338,13.329],[77.386,13.514],[77.433,13.464],[77.828,13.327],[77.935,13.246],[77.866,12.87]]]},"properties":{"id":"bengaluru-rural-karnataka","district":"Bengaluru Rural","state":"Karnataka"}},
{"type":"Feature","geometry":{"type":"Polygon","coordinates":[[[74.777,13.071],[74.994,13.158],[75.205,13.177],[75.516,13.065],[75.558,12.916],[75.667,12.697],[75.67,12.551],[75.416,12.499],[75.28,12.524],[75.112,12.681],[74.869,12.759],[74.777,13.071]]]},"properties":{"id":"dakshina-kannada-karnataka","district":"Dakshina Kannada","state":"Karnataka"}},
{"type":"Feature","geometry":{"type":"Polygon","coordinates":[[[77.831,12.866],[77.739,12.672],[77.601,12.668],[77.543,12.775],[77.343,12.888],[77.331,12.975],[77.481,13.224],[77.725,13.193],[77.831,12.866]]]},"properties":{"id":"bengaluru-urban-karnataka","district":"Bengaluru Urban","state":"Karnataka"}},
{"type":"Feature","geometry":{"type":"Polygon","coordinates":[[[74.869,12.759],[75.112,12.681],[75.28,12.524],[75.416,12.499],[75.415,12.29],[75.204,12.191],[75.165,12.089],[74.869,12.759]]]},"properties":{"id":"kasaragod-kerala","district":"Kasaragod","state":"Kerala"}},
{"type":"Feature","geometry":{"type":"Polygon","coordinates":[[[75.667,12.697],[76.019,12.571],[75.909,12.399],[76.133,12.191],[76.113,11.979],[75.936,11.941],[75.577,12.157],[75.415,12.29],[75.416,12.499],[75.67,12.551],[75.667,12.697]]]},"properties":{"id":"kodagu-karnataka","district":"Kodagu","state":"Karnataka"}},
{"type":"Feature","geometry":{"type":"Polygon","coordinates":[[[77.747,12.155],[77.676,11.952],[77.494,11.944],[77.429,11.768],[77.293,11.809],[76.909,11.795],[76.848,11.595],[76.418,11.671],[76.413,11.758],[76.577,11.923],[76.915,12.026],[77.109,12.241],[77.326,12.308],[77.471,12.243],[77.747,12.155]]]},"properties":{"id":"chamarajanagara-karnataka","district":"Chamarajanagara","state":"Karnataka"}},
{"type":"Feature","geometry":{"type":"Polygon","coordinates":[[[76.418,11.671],[76.234,11.527],[76.143,11.45],[75.909,11.6],[75.794,11.79],[75.936,11.941],[76.113,11.979],[76.318,11.751],[76.413,11.758],[76.418,11.671]]]},"properties":{"id":"wayanad-kerala","district":"Wayanad","state":"Kerala"}},
{"type":"Feature","geometry":{"type":"Polygon","coordinates":[[[75.794,11.79],[75.909,11.6],[76.143,11.45],[76.083,11.307],[75.857,11.204],[75.826,11.123],[75.698,11.425],[75.618,11.478],[75.554,11.702],[75.794,11.79]]]},"properties":{"id":"kozhikode-kerala","district":"Kozhikode","state":"Kerala"}},
{"type":"Feature","geometry":{"type":"Polygon","coordinates":[[[76.069,10.73],[75.958,10.686],[75.826,11.123],[75.857,11.204],[76.083,11.307],[76.143,11.45],[76.234,11.527],[76.548,11.359],[76.442,11.201],[76.32,10.936],[76.045,10.848],[76.069,10.73]]]},"properties":{"id":"malappuram-kerala","district":"Malappuram","state":"Kerala"}},
{"type":"Feature","geometry":{"type":"Polygon","coordinates":[[[76.442,11.201],[76.707,11.24],[76.754,11.079],[76.656,10.939],[76.907,10.782],[76.838,10.596],[76.834,10.339],[76.623,10.379],[76.413,10.595],[76.468,10.752],[76.069,10.73],[76.045,10.848],[76.32,10.936],[76.442,11.201]]]},"properties":{"id":"palakkad-kerala","district":"Palakkad","state":"Kerala"}},
{"type":"Feature","geometry":{"type":"Polygon","coordinates":[[[76.834,10.339],[76.892,10.26],[76.415,10.294],[76.214,10.194],[75.958,10.686],[76.069,10.73],[76.468,10.752],[76.413,10.595],[76.623,10.379],[76.834,10.339]]]},"properties":{"id":"thrissur-kerala","district":"Thrissur","state":"Kerala"}},
{"type":"Feature","geometry":{"type":"Polygon","coordinates":[[[77.051,10.262],[77.091,10.315],[77.288,10.232],[77.268,10.122],[77.167,9.612],[77.403,9.526],[77.34,9.42],[77.282,9.299],[77.21,9.449],[76.973,9.466],[76.886,9.539],[76.887,9.717],[76.629,9.854],[76.927,10.179],[77.051,10.262]]]},"properties":{"id":"idukki-kerala","district":"Idukki","state":"Kerala"}},
{"type":"Feature","geometry":{"type":"Polygon","coordinates":[[[77.051,10.262],[76.927,10.179],[76.629,9.854],[76.373,9.836],[76.28,9.789],[76.214,10.194],[76.415,10.294],[76.892,10.26],[77.051,10.262]]]},"properties":{"id":"ernakulam-kerala","district":"Ernakulam","state":"Kerala"}},
{"type":"Feature","geometry":{"type":"Polygon","coordinates":[[[76.28,9.789],[76.373,9.836],[76.392,9.548],[76.514,9.4],[76.641,9.34],[76.633,9.139],[76.479,9.123],[76.32,9.483],[76.28,9.789]]]},"properties":{"id":"alappuzha-kerala","district":"Alappuzha","state":"Kerala"}},
{"type":"Feature","geometry":{"type":"Polygon","coordinates":[[[76.629,9.854],[76.887,9.717],[76.886,9.539],[76.973,9.466],[76.643,9.479],[76.514,9.4],[76.392,9.548],[76.373,9.836],[76.629,9.854]]]},"properties":{"id":"kottayam-kerala","district":"Kottayam","state":"Kerala"}},
{"type":"Feature","geometry":{"type":"Polygon","coordinates":[[[77.282,9.299],[77.204,9.07],[76.93,9.174],[76.841,9.092],[76.633,9.139],[76.641,9.34],[76.514,9.4],[76.643,9.479],[76.973,9.466],[77.21,9.449],[77.282,9.299]]]},"properties":{"id":"pathanamthitta-kerala","district":"Pathanamthitta","state":"Kerala"}},
{"type":"Feature","geometry":{"type":"Polygon","coordinates":[[[77.204,9.07],[77.256,8.879],[77.199,8.771],[77.051,8.846],[76.935,8.76],[76.815,8.859],[76.682,8.776],[76.548,8.903],[76.479,9.123],[76.633,9.139],[76.841,9.092],[76.93,9.174],[77.204,9.07]]]},"properties":{"id":"kollam-kerala","district":"Kollam","state":"Kerala"}},
{"type":"Feature","geometry":{"type":"Polygon","coordinates":[[[77.098,8.292],[76.959,8.422],[76.682,8.776],[76.815,8.859],[76.935,8.76],[77.051,8.846],[77.199,8.771],[77.27,8.578],[77.098,8.292]]]},"properties":{"id":"thiruvananthapuram-kerala","district":"Thiruvananthapuram","state":"Kerala"}},
{"type":"Feature","geometry":{"type":"Polygon","coordinates":[[[81.553,16.347],[81.189,16.622],[80.973,16.626],[80.996,16.828],[80.877,17.07],[80.941,17.219],[81.174,17.231],[81.31,17.41],[81.021,17.52],[80.911,17.638],[81.501,17.481],[81.616,17.331],[81.745,16.964],[81.744,16.794],[81.859,16.599],[81.715,16.311],[81.553,16.347]]]},"properties":{"id":"west-godavari-andhra-pradesh","district":"West Godavari","state":"Andhra Pradesh"}},
{"type":"Feature","geometry":{"type":"Polygon","coordinates":[[[81.129,19.256],[81.343,19.319],[81.375,19.306],[81.502,19.204],[81.556,18.912],[81.674,18.652],[81.57,18.74],[81.369,18.433],[81.183,18.541],[81.16,18.691],[81.236,18.967],[81.21,19.183],[81.129,19.256]]]},"properties":{"id":"dakshin-bastar-dantewada-chhattisgarh","district":"Dakshin Bastar Dantewada","state":"Chhattisgarh"}},
{"type":"Feature","geometry":{"type":"Polygon","coordinates":[[[82.028,19.508],[82.189,19.428],[82.206,19.121],[82.246,18.919],[82.091,18.738],[81.9,18.661],[81.674,18.652],[81.556,18.912],[81.502,19.204],[81.375,19.306],[81.536,19.223],[81.863,19.552],[82.028,19.508]]]},"properties":{"id":"bastar-chhattisgarh","district":"Bastar","state":"Chhattisgarh"}},
{"type":"Feature","geometry":{"type":"Polygon","coordinates":[[[81.374,19.78],[81.406,19.88],[81.291,20.022],[81.585,20.195],[81.814,20.167],[81.875,20.052],[81.869,19.902],[82.065,19.791],[82.028,19.508],[81.863,19.552],[81.536,19.223],[81.375,19.306],[81.343,19.319],[81.486,19.688],[81.374,19.78]]]},"properties":{"id":"kondagaon-chhattisgarh","district":"Kondagaon","state":"Chhattisgarh"}},
{"type":"Feature","geometry":{"type":"Polygon","coordinates":[[[81.989,21.083],[82.339,20.874],[82.438,20.434],[82.398,20.056],[82.718,19.989],[82.594,19.776],[82.446,19.91],[82.018,20.049],[82.108,20.291],[81.981,20.724],[81.866,20.962],[81.989,21.083]]]},"properties":{"id":"gariaband-chhattisgarh","district":"Gariaband","state":"Chhattisgarh"}},
{"type":"Feature","geometry":{"type":"Polygon","coordinates":[[[82.194,21.379],[82.028,21.233],[81.989,21.083],[81.866,20.962],[81.612,21.023],[81.554,21.332],[81.695,21.601],[81.901,21.6],[81.931,21.493],[82.194,21.379]]]},"properties":{"id":"raipur-chhattisgarh","district":"Raipur","state":"Chhattisgarh"}},
{"type":"Feature","geometry":{"type":"Polygon","coordinates":[[[81.554,21.332],[81.612,21.023],[81.472,20.87],[81.42,21.006],[81.155,21.076],[81.204,21.517],[81.356,21.544],[81.554,21.332]]]},"properties":{"id":"durg-chhattisgarh","district":"Durg","state":"Chhattisgarh"}},
{"type":"Feature","geometry":{"type":"Polygon","coordinates":[[[73.485,19.725],[73.616,19.586],[73.78,19.387],[73.526,19.13],[73.251,19.061],[73.047,19.098],[72.956,18.988],[72.98,19.154],[72.784,19.264],[72.798,19.304],[73.211,19.561],[73.286,19.693],[73.485,19.725]]]},"properties":{"id":"thane-maharashtra","district":"Thane","state":"Maharashtra"}},
{"type":"Feature","geometry":{"type":"Polygon","coordinates":[[[78.842,19.762],[78.936,19.55],[78.854,19.447],[78.855,19.278],[78.675,19.317],[78.389,19.176],[78.193,19.317],[78.309,19.481],[78.276,19.692],[78.306,19.912],[78.432,19.814],[78.842,19.762]]]},"properties":{"id":"adilabad-telangana","district":"Adilabad","state":"Telangana"}},
{"type":"Feature","geometry":{"type":"Polygon","coordinates":[[[78.528,17.374],[78.452,17.323],[78.407,17.439],[78.528,17.374]]]},"properties":{"id":"hyderabad-telangana","district":"Hyderabad","state":"Telangana"}},
{"type":"Feature","geometry":{"type":"Polygon","coordinates":[[[79.302,18.816],[79.111,18.661],[78.958,18.577],[78.67,18.624],[78.542,18.815],[78.536,18.948],[78.695,19.032],[78.947,19.073],[79.022,19.076],[79.183,18.868],[79.302,18.816]]]},"properties":{"id":"jagtial-telangana","district":"Jagtial","state":"Telangana"}},
{"type":"Feature","geometry":{"type":"Polygon","coordinates":[[[79.514,17.795],[79.573,17.621],[79.539,17.524],[79.371,17.483],[79.256,17.472],[79.131,17.672],[78.868,17.825],[79.092,17.873],[79.228,17.991],[79.504,17.865],[79.514,17.795]]]},"properties":{"id":"jangaon-telangana","district":"Jangaon","state":"Telangana"}},
{"type":"Feature","geometry":{"type":"Polygon","coordinates":[[[80.372,18.611],[80.455,18.631],[80.706,18.439],[80.756,18.17],[80.392,18.082],[80.27,17.943],[80.149,18.083],[79.992,18.108],[79.84,18.133],[79.923,18.406],[80.216,18.39],[80.232,18.556],[80.372,18.611]]]},"properties":{"id":"mulugu-telangana","district":"Mulugu","state":"Telangana"}},
{"type":"Feature","geometry":{"type":"Polygon","coordinates":[[[77.514,15.928],[77.5,16.222],[77.594,16.343],[77.661,16.362],[77.932,16.193],[78.158,15.951],[78.248,15.972],[78.083,15.841],[77.514,15.928]]]},"properties":{"id":"jogulamba-gadwal-telangana","district":"Jogulamba Gadwal","state":"Telangana"}},
{"type":"Feature","geometry":{"type":"Polygon","coordinates":[[[77.551,18.292],[77.597,18.549],[77.739,18.556],[77.789,18.497],[78.039,18.518],[78.26,18.453],[78.53,18.466],[78.568,18.222],[78.568,18.184],[78.314,18.18],[78.071,18.06],[77.898,18.092],[77.869,18.189],[77.601,18.276],[77.551,18.292]]]},"properties":{"id":"kamareddy-telangana","district":"Kamareddy","state":"Telangana"}},
{"type":"Feature","geometry":{"type":"Polygon","coordinates":[[[78.958,18.577],[79.111,18.661],[79.306,18.481],[79.566,18.424],[79.563,18.263],[79.302,18.13],[79.163,18.158],[79.019,18.317],[78.923,18.475],[78.958,18.577]]]},"properties":{"id":"karimnagar-telangana","district":"Karimnagar","state":"Telangana"}},
{"type":"Feature","geometry":{"type":"Polygon","coordinates":[[[80.877,17.07],[80.505,17.069],[80.602,16.919],[80.57,16.768],[80.322,16.879],[80.187,17.021],[80.056,16.971],[79.803,17.323],[79.992,17.399],[80.109,17.359],[80.203,17.558],[80.369,17.568],[80.501,17.367],[80.683,17.297],[80.859,17.364],[80.941,17.219],[80.877,17.07]]]},"properties":{"id":"khammam-telangana","district":"Khammam","state":"Telangana"}},
{"type":"Feature","geometry":{"type":"Polygon","coordinates":[[[79.806,19.579],[79.978,19.399],[79.929,19.158],[79.351,19.211],[79.267,19.033],[78.953,19.249],[78.855,19.278],[78.854,19.447],[78.936,19.55],[79.253,19.593],[79.472,19.501],[79.744,19.609],[79.806,19.579]]]},"properties":{"id":"komaram-bheem-telangana","district":"Komaram Bheem","state":"Telangana"}},
{"type":"Feature","geometry":{"type":"Polygon","coordinates":[[[79.539,17.524],[79.573,17.621],[79.894,17.73],[79.995,17.89],[79.992,18.108],[80.149,18.083],[80.27,17.943],[80.203,17.558],[80.109,17.359],[79.992,17.399],[79.803,17.323],[79.751,17.44],[79.539,17.524]]]},"properties":{"id":"mahabubabad-telangana","district":"Mahabubabad","state":"Telangana"}},
{"type":"Feature","geometry":{"type":"Polygon","coordinates":[[[77.751,16.403],[77.788,16.574],[77.727,16.85],[77.76,17.003],[77.999,16.979],[78.276,16.923],[78.349,16.78],[78.121,16.593],[78.007,16.61],[77.916,16.442],[77.751,16.403]]]},"properties":{"id":"mahabubnagar-telangana","district":"Mahabubnagar","state":"Telangana"}},
{"type":"Feature","geometry":{"type":"Polygon","coordinates":[[[79.929,19.158],[79.914,18.826],[79.81,18.703],[79.68,18.673],[79.43,18.848],[79.302,18.816],[79.183,18.868],[79.022,19.076],[78.947,19.073],[78.953,19.249],[79.267,19.033],[79.351,19.211],[79.929,19.158]]]},"properties":{"id":"mancherial-telangana","district":"Mancherial","state":"Telangana"}},
{"type":"Feature","geometry":{"type":"Polygon","coordinates":[[[77.898,18.092],[78.071,18.06],[78.314,18.18],[78.568,18.184],[78.499,17.686],[78.449,17.704],[77.936,17.89],[77.898,18.092]]]},"properties":{"id":"medak-telangana","district":"Medak","state":"Telangana"}},
{"type":"Feature","geometry":{"type":"Polygon","coordinates":[[[78.528,17.374],[78.407,17.439],[78.348,17.522],[78.449,17.704],[78.499,17.686],[78.724,17.668],[78.676,17.576],[78.738,17.386],[78.528,17.374]]]},"properties":{"id":"medchal-malkajgiri-telangana","district":"Medchal Malkajgiri","state":"Telangana"}},
{"type":"Feature","geometry":{"type":"Polygon","coordinates":[[[79.21,16.357],[79.215,16.226],[79.03,16.241],[78.923,16.123],[78.741,16.009],[78.601,16.084],[78.256,16.009],[78.196,16.208],[78.314,16.38],[78.1,16.487],[78.121,16.593],[78.349,16.78],[78.537,16.821],[78.754,16.75],[78.724,16.54],[78.855,16.551],[79.21,16.357]]]},"properties":{"id":"nagarkurnool-telangana","district":"Nagarkurnool","state":"Telangana"}},
{"type":"Feature","geometry":{"type":"Polygon","coordinates":[[[79.68,16.693],[79.418,16.581],[79.258,16.566],[79.21,16.357],[78.855,16.551],[78.724,16.54],[78.754,16.75],[78.73,16.864],[78.842,17.072],[78.982,17.279],[79.206,17.263],[79.251,17.359],[79.45,17.345],[79.592,17.084],[79.68,16.693]]]},"properties":{"id":"nalgonda-telangana","district":"Nalgonda","state":"Telangana"}},
{"type":"Feature","geometry":{"type":"Polygon","coordinates":[[[77.949,18.844],[77.843,18.908],[77.797,19.073],[77.863,19.304],[78.193,19.317],[78.389,19.176],[78.675,19.317],[78.855,19.278],[78.953,19.249],[78.947,19.073],[78.695,19.032],[78.536,18.948],[78.241,19.017],[77.949,18.844]]]},"properties":{"id":"nirmal-telangana","district":"Nirmal","state":"Telangana"}},
{"type":"Feature","geometry":{"type":"Polygon","coordinates":[[[77.739,18.556],[77.84,18.805],[77.949,18.844],[78.241,19.017],[78.536,18.948],[78.542,18.815],[78.67,18.624],[78.53,18.466],[78.26,18.453],[78.039,18.518],[77.789,18.497],[77.739,18.556]]]},"properties":{"id":"nizamabad-telangana","district":"Nizamabad","state":"Telangana"}},
{"type":"Feature","geometry":{"type":"Polygon","coordinates":[[[79.111,18.661],[79.302,18.816],[79.43,18.848],[79.68,18.673],[79.81,18.703],[79.791,18.573],[79.566,18.424],[79.306,18.481],[79.111,18.661]]]},"properties":{"id":"peddapalli-telangana","district":"Peddapalli","state":"Telangana"}},
{"type":"Feature","geometry":{"type":"Polygon","coordinates":[[[78.67,18.624],[78.958,18.577],[78.923,18.475],[79.019,18.317],[78.988,18.259],[78.568,18.222],[78.53,18.466],[78.67,18.624]]]},"properties":{"id":"rajanna-sircilla-telangana","district":"Rajanna Sircilla","state":"Telangana"}},
{"type":"Feature","geometry":{"type":"Polygon","coordinates":[[[78.407,17.439],[78.452,17.323],[78.528,17.374],[78.738,17.386],[78.842,17.072],[78.73,16.864],[78.754,16.75],[78.537,16.821],[78.349,16.78],[78.276,16.923],[77.999,16.979],[78.069,17.231],[78.063,17.45],[78.288,17.432],[78.348,17.522],[78.407,17.439]]]},"properties":{"id":"ranga-reddy-telangana","district":"Ranga Reddy","state":"Telangana"}},
{"type":"Feature","geometry":{"type":"Polygon","coordinates":[[[77.444,17.584],[77.453,17.694],[77.656,17.969],[77.563,18.196],[77.601,18.276],[77.869,18.189],[77.898,18.092],[77.936,17.89],[78.449,17.704],[78.348,17.522],[78.288,17.432],[78.063,17.45],[77.823,17.632],[77.686,17.511],[77.444,17.584]]]},"properties":{"id":"sangareddy-telangana","district":"Sangareddy","state":"Telangana"}},
{"type":"Feature","geometry":{"type":"Polygon","coordinates":[[[79.228,17.991],[79.092,17.873],[78.868,17.825],[78.724,17.668],[78.499,17.686],[78.568,18.184],[78.568,18.222],[78.988,18.259],[79.019,18.317],[79.163,18.158],[79.302,18.13],[79.228,17.991]]]},"properties":{"id":"siddipet-telangana","district":"Siddipet","state":"Telangana"}},
{"type":"Feature","geometry":{"type":"Polygon","coordinates":[[[80.056,16.971],[80.073,16.817],[79.949,16.636],[79.793,16.725],[79.68,16.693],[79.592,17.084],[79.45,17.345],[79.371,17.483],[79.539,17.524],[79.751,17.44],[79.803,17.323],[80.056,16.971]]]},"properties":{"id":"suryapet-telangana","district":"Suryapet","state":"Telangana"}},
{"type":"Feature","geometry":{"type":"Polygon","coordinates":[[[77.467,16.955],[77.38,17.223],[77.513,17.43],[77.686,17.511],[77.823,17.632],[78.063,17.45],[78.069,17.231],[77.999,16.979],[77.76,17.003],[77.467,16.955]]]},"properties":{"id":"vikarabad-telangana","district":"Vikarabad","state":"Telangana"}},
{"type":"Feature","geometry":{"type":"Polygon","coordinates":[[[78.256,16.009],[78.248,15.972],[78.158,15.951],[77.932,16.193],[77.661,16.362],[77.751,16.403],[77.916,16.442],[78.007,16.61],[78.121,16.593],[78.1,16.487],[78.314,16.38],[78.196,16.208],[78.256,16.009]]]},"properties":{"id":"wanaparthy-telangana","district":"Wanaparthy","state":"Telangana"}},
{"type":"Feature","geometry":{"type":"Polygon","coordinates":[[[79.573,17.621],[79.514,17.795],[79.621,17.829],[79.672,18.027],[79.579,18.243],[79.84,18.133],[79.992,18.108],[79.995,17.89],[79.894,17.73],[79.573,17.621]]]},"properties":{"id":"warangal-rural-telangana","district":"Warangal Rural","state":"Telangana"}},
{"type":"Feature","geometry":{"type":"Polygon","coordinates":[[[79.514,17.795],[79.504,17.865],[79.228,17.991],[79.302,18.13],[79.563,18.263],[79.579,18.243],[79.672,18.027],[79.621,17.829],[79.514,17.795]]]},"properties":{"id":"warangal-urban-telangana","district":"Warangal Urban","state":"Telangana"}},
{"type":"Feature","geometry":{"type":"Polygon","coordinates":[[[78.868,17.825],[79.131,17.672],[79.256,17.472],[79.371,17.483],[79.45,17.345],[79.251,17.359],[79.206,17.263],[78.982,17.279],[78.842,17.072],[78.738,17.386],[78.676,17.576],[78.724,17.668],[78.868,17.825]]]},"properties":{"id":"yadadri-bhuvanagiri-telangana","district":"Yadadri Bhuvanagiri","state":"Telangana"}},
{"type":"Feature","geometry":{"type":"Polygon","coordinates":[[[88.082,22.261],[88.238,22.544],[88.414,22.557],[88.624,22.58],[88.804,22.329],[89.055,22.128],[89.069,21.949],[88.633,21.955],[88.445,21.918],[88.267,21.728],[88.145,21.955],[88.208,22.026],[88.183,22.187],[88.082,22.261]]]},"properties":{"id":"south-24-parganas-west-bengal","district":"South 24 Parganas","state":"West Bengal"}},
{"type":"Feature","geometry":{"type":"Polygon","coordinates":[[[71.393,21.981],[71.59,21.688],[71.479,21.482],[71.625,21.328],[71.526,21.186],[71.677,20.996],[71.206,20.796],[71.134,21.068],[71.006,21.166],[70.855,21.167],[70.943,21.311],[70.923,21.462],[70.793,21.666],[71.047,21.755],[71.03,21.874],[71.33,22.032],[71.393,21.981]]]},"properties":{"id":"amreli-gujarat","district":"Amreli","state":"Gujarat"}},
{"type":"Feature","geometry":{"type":"Polygon","coordinates":[[[85.394,21.183],[85.231,21.072],[85.255,20.796],[85.127,20.616],[84.848,20.528],[84.767,20.603],[84.36,20.765],[84.267,20.881],[84.279,20.922],[84.481,21.08],[84.744,21.17],[84.877,21.164],[85.154,21.462],[85.145,21.594],[85.191,21.66],[85.334,21.482],[85.284,21.299],[85.394,21.183]]]},"properties":{"id":"angul-odisha","district":"Angul","state":"Odisha"}},
{"type":"Feature","geometry":{"type":"MultiPolygon","coordinates":[[[[73.849,20.999],[73.849,20.998],[73.807,21.009],[73.849,20.999]]],[[[73.942,20.84],[73.838,20.621],[73.745,20.565],[73.474,20.72],[73.496,20.819],[73.564,21.01],[73.889,20.933],[73.942,20.84]]]]},"properties":{"id":"dang-gujarat","district":"Dang","state":"Gujarat"}},
{"type":"Feature","geometry":{"type":"Polygon","coordinates":[[[81.814,20.167],[81.692,20.481],[81.411,20.554],[81.516,20.713],[81.472,20.87],[81.612,21.023],[81.866,20.962],[81.981,20.724],[82.108,20.291],[82.018,20.049],[81.875,20.052],[81.814,20.167]]]},"properties":{"id":"dhamtari-chhattisgarh","district":"Dhamtari","state":"Chhattisgarh"}},
{"type":"Feature","geometry":{"type":"Polygon","coordinates":[[[86.622,20.796],[86.806,20.735],[87.056,20.715],[86.789,20.535],[86.777,20.335],[86.249,20.365],[86.28,20.581],[86.377,20.594],[86.622,20.796]]]},"properties":{"id":"kendrapara-odisha","district":"Kendrapara","state":"Odisha"}},
{"type":"Feature","geometry":{"type":"Polygon","coordinates":[[[72.962,20.209],[73.043,20.326],[73.211,20.121],[72.962,20.209]]]},"properties":{"id":"dadra-and-nagar-haveli-dadra-and-nagar-haveli-and-daman-and-diu","district":"Dadra and Nagar Haveli","state":"Dadra and Nagar Haveli and Daman and Diu"}},
{"type":"Feature","geometry":{"type":"Polygon","coordinates":[[[73.211,20.121],[73.249,20.122],[73.407,20.019],[73.485,19.725],[73.286,19.693],[73.211,19.561],[72.798,19.304],[72.654,19.836],[72.775,20.132],[72.962,20.209],[73.211,20.121]]]},"properties":{"id":"palghar-maharashtra","district":"Palghar","state":"Maharashtra"}},
{"type":"Feature","geometry":{"type":"Polygon","coordinates":[[[84.233,19.574],[84.185,19.861],[84.461,19.857],[84.363,20.026],[84.454,20.167],[84.587,20.174],[84.704,20.279],[84.94,19.898],[85.183,19.673],[85.172,19.468],[84.812,19.157],[84.701,19.119],[84.423,18.949],[84.354,19.009],[84.402,19.575],[84.233,19.574]]]},"properties":{"id":"ganjam-odisha","district":"Ganjam","state":"Odisha"}},
{"type":"Feature","geometry":{"type":"Polygon","coordinates":[[[83.94,19.635],[84.233,19.574],[84.402,19.575],[84.354,19.009],[84.423,18.949],[84.319,18.789],[84.09,18.758],[83.891,18.816],[83.793,19.018],[83.951,18.998],[84.033,19.132],[84.015,19.377],[83.94,19.635]]]},"properties":{"id":"gajapati-odisha","district":"Gajapati","state":"Odisha"}},
{"type":"Feature","geometry":{"type":"Polygon","coordinates":[[[78.759,15.184],[79.083,15.173],[79.089,15.048],[79.082,14.982],[79.242,14.593],[79.435,14.244],[79.446,13.892],[79.306,13.724],[79.149,13.866],[78.884,13.9],[78.643,13.868],[78.465,13.995],[78.421,14.284],[78.285,14.292],[78.001,14.488],[78.135,14.695],[78.046,14.774],[78.134,14.961],[78.29,15.071],[78.485,15.037],[78.631,14.926],[78.762,15.055],[78.759,15.184]]]},"properties":{"id":"y-s-r-kadapa-andhra-pradesh","district":"Y.S.R. Kadapa","state":"Andhra Pradesh"}},
{"type":"Feature","geometry":{"type":"MultiPolygon","coordinates":[[[[76.948,14.095],[77.042,13.933],[77.433,13.844],[77.456,13.683],[77.386,13.514],[77.338,13.329],[77.204,13.185],[77.074,13.125],[77.158,12.958],[77.077,12.749],[76.924,12.804],[76.854,12.979],[76.632,13.004],[76.37,13.2],[76.364,13.547],[76.354,13.58],[76.621,13.734],[76.722,13.899],[76.948,14.095]]],[[[77.005,14.235],[77.138,14.337],[77.364,14.275],[77.322,14.031],[77.028,14.062],[77.003,14.198],[77.005,14.235]]]]},"properties":{"id":"tumakuru-karnataka","district":"Tumakuru","state":"Karnataka"}},
{"type":"Feature","geometry":{"type":"Polygon","coordinates":[[[79.284,13.123],[79.228,13.158],[79.163,13.02],[78.892,13.096],[78.621,12.991],[78.603,12.844],[78.412,12.627],[78.231,12.76],[78.253,12.861],[78.467,12.975],[78.586,13.276],[78.364,13.362],[78.401,13.588],[78.196,13.569],[78.126,13.787],[78.465,13.995],[78.643,13.868],[78.884,13.9],[79.149,13.866],[79.306,13.724],[79.446,13.892],[79.956,13.708],[80.037,13.538],[79.946,13.364],[79.534,13.276],[79.284,13.123]]]},"properties":{"id":"chittoor-andhra-pradesh","district":"Chittoor","state":"Andhra Pradesh"}},
{"type":"Feature","geometry":{"type":"Polygon","coordinates":[[[77.601,12.668],[77.615,12.367],[77.471,12.243],[77.326,12.308],[77.27,12.465],[77.126,12.483],[77.077,12.749],[77.158,12.958],[77.074,13.125],[77.204,13.185],[77.331,12.975],[77.343,12.888],[77.543,12.775],[77.601,12.668]]]},"properties":{"id":"ramanagara-karnataka","district":"Ramanagara","state":"Karnataka"}},
{"type":"Feature","geometry":{"type":"Polygon","coordinates":[[[76.343,12.656],[76.386,12.846],[76.578,12.847],[76.632,13.004],[76.854,12.979],[76.924,12.804],[77.077,12.749],[77.126,12.483],[77.27,12.465],[77.326,12.308],[77.109,12.241],[76.996,12.242],[76.938,12.4],[76.731,12.342],[76.451,12.484],[76.343,12.656]]]},"properties":{"id":"mandya-karnataka","district":"Mandya","state":"Karnataka"}},
{"type":"Feature","geometry":{"type":"Polygon","coordinates":[[[76.019,12.571],[76.343,12.656],[76.451,12.484],[76.731,12.342],[76.938,12.4],[76.996,12.242],[77.109,12.241],[76.915,12.026],[76.577,11.923],[76.413,11.758],[76.318,11.751],[76.113,11.979],[76.133,12.191],[75.909,12.399],[76.019,12.571]]]},"properties":{"id":"mysuru-karnataka","district":"Mysuru","state":"Karnataka"}},
{"type":"Feature","geometry":{"type":"Polygon","coordinates":[[[75.165,12.089],[75.204,12.191],[75.415,12.29],[75.577,12.157],[75.936,11.941],[75.794,11.79],[75.554,11.702],[75.165,12.089]],[[75.555,11.722],[75.542,11.739],[75.537,11.72],[75.555,11.722]]]},"properties":{"id":"kannur-kerala","district":"Kannur","state":"Kerala"}},
{"type":"Feature","geometry":{"type":"Polygon","coordinates":[[[79.686,11.88],[79.84,11.956],[79.808,11.845],[79.686,11.88]]]},"properties":{"id":"puducherry-puducherry","district":"Puducherry","state":"Puducherry"}},
{"type":"Feature","geometry":{"type":"Polygon","coordinates":[[[81.411,20.554],[81.325,20.563],[81.149,20.376],[80.992,20.459],[80.921,20.782],[80.953,21.003],[81.155,21.076],[81.42,21.006],[81.472,20.87],[81.516,20.713],[81.411,20.554]]]},"properties":{"id":"balod-chhattisgarh","district":"Balod","state":"Chhattisgarh"}},
{"type":"Feature","geometry":{"type":"Polygon","coordinates":[[[81.085,17.797],[80.886,17.736],[80.911,17.638],[81.021,17.52],[81.31,17.41],[81.174,17.231],[80.941,17.219],[80.859,17.364],[80.683,17.297],[80.501,17.367],[80.369,17.568],[80.203,17.558],[80.27,17.943],[80.392,18.082],[80.756,18.17],[80.979,18.166],[81.016,17.795],[81.085,17.797]]]},"properties":{"id":"bhadradri-kothagudem-telangana","district":"Bhadradri Kothagudem","state":"Telangana"}},
{"type":"Feature","geometry":{"type":"Polygon","coordinates":[[[73.563,22.33],[73.531,22.051],[73.503,21.963],[73.304,21.887],[73.208,21.824],[72.905,22.067],[72.867,22.214],[72.947,22.293],[73.047,22.363],[73.219,22.628],[73.35,22.792],[73.418,22.661],[73.421,22.429],[73.563,22.33]]]},"properties":{"id":"vadodara-gujarat","district":"Vadodara","state":"Gujarat"}},
{"type":"Feature","geometry":{"type":"Polygon","coordinates":[[[87.523,22.928],[87.741,22.777],[87.853,22.595],[87.893,22.52],[87.647,22.436],[87.723,22.319],[87.702,22.127],[87.46,22.008],[87.442,21.768],[87.283,21.803],[87.243,21.964],[87.137,22.127],[87.205,22.304],[87.082,22.472],[87.076,22.726],[87.064,22.851],[87.358,22.954],[87.523,22.928]]]},"properties":{"id":"paschim-medinipur-west-bengal","district":"Paschim Medinipur","state":"West Bengal"}},
{"type":"Feature","geometry":{"type":"Polygon","coordinates":[[[79.964,22.852],[80.065,22.762],[80.036,22.608],[80.1,22.335],[80.033,22.181],[79.673,21.696],[79.51,21.596],[79.496,21.674],[79.235,21.718],[79.4,21.997],[79.288,22.327],[79.328,22.616],[79.488,22.73],[79.629,22.95],[79.785,22.847],[79.964,22.852]]]},"properties":{"id":"seoni-madhya-pradesh","district":"Seoni","state":"Madhya Pradesh"}},
{"type":"Feature","geometry":{"type":"Polygon","coordinates":[[[74.742,22.56],[74.649,22.274],[74.526,22.236],[74.502,22.045],[74.433,22.03],[74.282,21.934],[74.147,21.951],[74.095,22.017],[74.19,22.32],[74.058,22.55],[74.379,22.635],[74.742,22.56]]]},"properties":{"id":"alirajpur-madhya-pradesh","district":"Alirajpur","state":"Madhya Pradesh"}},
{"type":"Feature","geometry":{"type":"Polygon","coordinates":[[[79.328,22.616],[79.288,22.327],[79.4,21.997],[79.235,21.718],[79.224,21.648],[78.916,21.59],[78.9,21.501],[78.433,21.497],[78.343,21.589],[78.459,21.718],[78.514,21.937],[78.277,22.091],[78.27,22.401],[78.56,22.419],[78.522,22.665],[78.69,22.705],[78.918,22.672],[79.241,22.803],[79.328,22.616]]]},"properties":{"id":"chhindwara-madhya-pradesh","district":"Chhindwara","state":"Madhya Pradesh"}},
{"type":"Feature","geometry":{"type":"Polygon","coordinates":[[[77.39,22.223],[77.505,22.03],[77.221,21.907],[77.138,21.995],[76.887,21.984],[76.782,22.344],[76.794,22.426],[77.13,22.555],[77.221,22.569],[77.39,22.223]]]},"properties":{"id":"harda-madhya-pradesh","district":"Harda","state":"Madhya Pradesh"}},
{"type":"Feature","geometry":{"type":"Polygon","coordinates":[[[76.077,21.572],[75.987,21.369],[75.609,21.39],[75.502,21.614],[75.276,21.739],[75.35,21.982],[75.317,22.133],[75.491,22.154],[75.561,22.377],[75.615,22.338],[75.994,22.414],[76.083,22.538],[76.211,22.327],[76.083,22.186],[76.225,22.072],[76.101,21.854],[76.077,21.572]]]},"properties":{"id":"khargone-madhya-pradesh","district":"Khargone","state":"Madhya Pradesh"}},
{"type":"Feature","geometry":{"type":"Polygon","coordinates":[[[87.442,21.768],[87.46,22.008],[87.702,22.127],[87.723,22.319],[87.647,22.436],[87.893,22.52],[87.998,22.245],[88.186,22.105],[88.064,22.018],[87.956,21.831],[87.789,21.699],[87.485,21.615],[87.442,21.768]]]},"properties":{"id":"purba-medinipur-west-bengal","district":"Purba Medinipur","state":"West Bengal"}},
{"type":"Feature","geometry":{"type":"Polygon","coordinates":[[[86.728,22.216],[86.838,22.098],[87.029,22.039],[87.101,21.864],[87.006,21.601],[86.648,21.581],[86.361,21.303],[86.009,21.534],[86.026,21.695],[85.812,21.81],[85.683,22.058],[85.897,21.984],[86.009,22.116],[86.029,22.334],[85.963,22.485],[86.067,22.557],[86.728,22.216]]]},"properties":{"id":"mayurbhanj-odisha","district":"Mayurbhanj","state":"Odisha"}},
{"type":"Feature","geometry":{"type":"Polygon","coordinates":[[[72.867,22.214],[72.905,22.067],[73.208,21.824],[73.304,21.887],[73.5,21.681],[73.453,21.528],[73.251,21.494],[72.942,21.512],[72.736,21.475],[72.543,21.733],[72.509,21.944],[72.567,22.181],[72.867,22.214]]]},"properties":{"id":"bharuch-gujarat","district":"Bharuch","state":"Gujarat"}},
{"type":"Feature","geometry":{"type":"Polygon","coordinates":[[[85.191,21.66],[85.145,21.594],[85.026,21.673],[84.79,21.669],[84.662,21.761],[84.526,21.814],[84.477,22.19],[84.267,22.105],[84.27,22.015],[83.897,21.945],[83.72,21.786],[83.591,21.825],[83.538,22.045],[83.628,22.203],[83.802,22.294],[84.01,22.371],[84.012,22.528],[84.197,22.378],[84.429,22.352],[84.535,22.428],[84.75,22.419],[85.07,22.491],[85.029,22.122],[85.238,22.01],[85.377,21.935],[85.2,21.762],[85.191,21.66]]]},"properties":{"id":"sundargarh-odisha","district":"Sundargarh","state":"Odisha"}},
{"type":"Feature","geometry":{"type":"Polygon","coordinates":[[[81.475,22.489],[81.556,22.344],[81.501,22.004],[81.455,21.913],[81.172,21.704],[80.999,21.728],[80.846,21.835],[80.908,22.11],[81.045,22.241],[81.193,22.491],[81.475,22.489]]]},"properties":{"id":"kabeerdham-chhattisgarh","district":"Kabeerdham","state":"Chhattisgarh"}},
{"type":"Feature","geometry":{"type":"Polygon","coordinates":[[[76.782,21.559],[76.377,21.599],[76.077,21.572],[76.101,21.854],[76.225,22.072],[76.083,22.186],[76.211,22.327],[76.326,22.298],[76.497,22.411],[76.782,22.344],[76.887,21.984],[77.138,21.995],[77.221,21.907],[77.062,21.713],[76.782,21.559]]]},"properties":{"id":"khandwa-madhya-pradesh","district":"Khandwa","state":"Madhya Pradesh"}},
{"type":"Feature","geometry":{"type":"Polygon","coordinates":[[[69.815,21.821],[70.073,21.739],[70.148,21.665],[69.991,21.579],[69.945,21.398],[69.981,21.227],[69.708,21.535],[69.371,21.83],[69.396,21.889],[69.559,21.941],[69.656,21.838],[69.815,21.821]]]},"properties":{"id":"porbandar-gujarat","district":"Porbandar","state":"Gujarat"}},
{"type":"Feature","geometry":{"type":"Polygon","coordinates":[[[80.661,21.333],[80.423,21.441],[80.268,21.618],[79.918,21.524],[79.739,21.603],[79.539,21.541],[79.51,21.596],[79.673,21.696],[80.033,22.181],[80.1,22.335],[80.4,22.304],[80.58,22.227],[80.866,22.379],[81.045,22.241],[80.908,22.11],[80.846,21.835],[80.715,21.662],[80.738,21.473],[80.661,21.333]]]},"properties":{"id":"balaghat-madhya-pradesh","district":"Balaghat","state":"Madhya Pradesh"}},
{"type":"Feature","geometry":{"type":"Polygon","coordinates":[[[73.304,21.887],[73.503,21.963],[73.531,22.051],[73.855,21.952],[73.939,21.874],[73.835,21.52],[73.982,21.522],[73.699,21.399],[73.453,21.528],[73.5,21.681],[73.304,21.887]]]},"properties":{"id":"narmada-gujarat","district":"Narmada","state":"Gujarat"}},
{"type":"Feature","geometry":{"type":"Polygon","coordinates":[[[75.609,21.39],[75.211,21.412],[75.052,21.567],[74.775,21.615],[74.505,21.726],[74.525,21.912],[74.433,22.03],[74.502,22.045],[75.317,22.133],[75.35,21.982],[75.276,21.739],[75.502,21.614],[75.609,21.39]]]},"properties":{"id":"barwani-madhya-pradesh","district":"Barwani","state":"Madhya Pradesh"}},
{"type":"Feature","geometry":{"type":"Polygon","coordinates":[[[82.937,22.122],[83.004,21.966],[83.188,21.927],[83.264,21.715],[82.949,21.724],[82.446,21.744],[82.305,21.908],[82.334,22.106],[82.458,22.214],[82.594,22.263],[82.669,22.081],[82.937,22.122]]]},"properties":{"id":"janjgir-champa-chhattisgarh","district":"Janjgir Champa","state":"Chhattisgarh"}},
{"type":"Feature","geometry":{"type":"Polygon","coordinates":[[[73.849,20.999],[73.807,21.009],[73.815,21.174],[74.046,21.446],[73.982,21.522],[73.835,21.52],[73.939,21.874],[74.147,21.951],[74.282,21.934],[74.433,22.03],[74.525,21.912],[74.505,21.726],[74.775,21.615],[74.688,21.41],[74.502,21.416],[74.338,21.229],[74.119,21.214],[73.849,20.999]]]},"properties":{"id":"nandurbar-maharashtra","district":"Nandurbar","state":"Maharashtra"}},
{"type":"Feature","geometry":{"type":"Polygon","coordinates":[[[86.367,21.237],[86.286,21.016],[86.027,21.138],[85.822,21.091],[85.712,21.138],[85.394,21.183],[85.284,21.299],[85.334,21.482],[85.191,21.66],[85.2,21.762],[85.377,21.935],[85.238,22.01],[85.397,22.164],[85.683,22.058],[85.812,21.81],[86.026,21.695],[86.009,21.534],[86.361,21.303],[86.367,21.237]]]},"properties":{"id":"kendujhar-odisha","district":"Kendujhar","state":"Odisha"}},
{"type":"Feature","geometry":{"type":"Polygon","coordinates":[[[86.859,21.214],[86.515,21.135],[86.367,21.237],[86.361,21.303],[86.648,21.581],[87.006,21.601],[87.101,21.864],[87.243,21.964],[87.283,21.803],[87.442,21.768],[87.485,21.615],[87.408,21.545],[87.148,21.509],[86.949,21.358],[86.859,21.214]]]},"properties":{"id":"balasore-odisha","district":"Balasore","state":"Odisha"}},
{"type":"Feature","geometry":{"type":"Polygon","coordinates":[[[83.591,21.825],[83.72,21.786],[83.897,21.945],[84.27,22.015],[84.238,21.806],[83.981,21.78],[83.967,21.581],[83.799,21.563],[83.697,21.699],[83.487,21.644],[83.591,21.825]]]},"properties":{"id":"jharsuguda-odisha","district":"Jharsuguda","state":"Odisha"}},
{"type":"Feature","geometry":{"type":"Polygon","coordinates":[[[81.695,21.601],[81.554,21.332],[81.356,21.544],[81.204,21.517],[81.172,21.704],[81.455,21.913],[81.501,22.004],[81.753,21.96],[81.937,21.814],[81.698,21.748],[81.695,21.601]]]},"properties":{"id":"bametara-chhattisgarh","district":"Bametara","state":"Chhattisgarh"}},
{"type":"Feature","geometry":{"type":"Polygon","coordinates":[[[80.562,20.823],[80.464,20.929],[80.464,21.175],[80.661,21.333],[80.738,21.473],[80.715,21.662],[80.846,21.835],[80.999,21.728],[81.172,21.704],[81.204,21.517],[81.155,21.076],[80.953,21.003],[80.921,20.782],[80.992,20.459],[80.545,20.1],[80.395,20.244],[80.626,20.332],[80.562,20.823]]]},"properties":{"id":"rajnandgaon-chhattisgarh","district":"Rajnandgaon","state":"Chhattisgarh"}},
{"type":"Feature","geometry":{"type":"Polygon","coordinates":[[[76.662,21.281],[76.782,21.559],[77.062,21.713],[77.479,21.77],[77.575,21.527],[77.488,21.375],[78.03,21.421],[78.343,21.589],[78.433,21.497],[78.447,21.403],[78.251,21.331],[78.079,21.355],[78.143,20.954],[78.257,20.886],[78.274,20.693],[77.779,20.54],[77.65,20.565],[77.611,20.719],[77.53,20.849],[77.129,20.863],[77.167,21.243],[76.783,21.193],[76.662,21.281]]]},"properties":{"id":"amravati-maharashtra","district":"Amravati","state":"Maharashtra"}},
{"type":"Feature","geometry":{"type":"Polygon","coordinates":[[[72.736,21.475],[72.942,21.512],[73.251,21.494],[73.453,21.528],[73.699,21.399],[73.454,21.384],[73.375,21.225],[73.199,21.078],[73.317,20.88],[73.125,20.897],[73.025,21.02],[72.751,21.062],[72.621,21.1],[72.654,21.346],[72.736,21.475]]]},"properties":{"id":"surat-gujarat","district":"Surat","state":"Gujarat"}},
{"type":"Feature","geometry":{"type":"Polygon","coordinates":[[[75.211,21.412],[75.037,21.192],[74.895,21.149],[74.986,20.738],[74.812,20.632],[74.65,20.694],[74.538,20.837],[74.158,20.862],[73.942,20.84],[73.889,20.933],[73.849,20.998],[73.849,20.999],[74.119,21.214],[74.338,21.229],[74.502,21.416],[74.688,21.41],[74.775,21.615],[75.052,21.567],[75.211,21.412]]]},"properties":{"id":"dhule-maharashtra","district":"Dhule","state":"Maharashtra"}},
{"type":"Feature","geometry":{"type":"Polygon","coordinates":[[[73.807,21.009],[73.849,20.998],[73.889,20.933],[73.564,21.01],[73.496,20.819],[73.317,20.88],[73.199,21.078],[73.375,21.225],[73.454,21.384],[73.699,21.399],[73.982,21.522],[74.046,21.446],[73.815,21.174],[73.807,21.009]]]},"properties":{"id":"tapi-gujarat","district":"Tapi","state":"Gujarat"}},
{"type":"Feature","geometry":{"type":"Polygon","coordinates":[[[82.639,21.089],[82.64,21.155],[82.966,21.175],[83.192,21.139],[83.269,21.377],[83.383,21.621],[83.487,21.644],[83.697,21.699],[83.799,21.563],[83.886,21.438],[83.894,21.175],[83.605,21.128],[83.457,21.058],[83.405,20.889],[82.981,20.845],[82.889,20.907],[82.701,20.728],[82.694,21.02],[82.639,21.089]]]},"properties":{"id":"bargarh-odisha","district":"Bargarh","state":"Odisha"}},
{"type":"Feature","geometry":{"type":"Polygon","coordinates":[[[79.539,21.541],[79.476,21.428],[79.655,20.965],[79.519,20.715],[79.221,20.583],[78.942,20.768],[78.446,21.237],[78.251,21.331],[78.447,21.403],[78.433,21.497],[78.9,21.501],[78.916,21.59],[79.224,21.648],[79.235,21.718],[79.496,21.674],[79.51,21.596],[79.539,21.541]]]},"properties":{"id":"nagpur-maharashtra","district":"Nagpur","state":"Maharashtra"}},
{"type":"Feature","geometry":{"type":"Polygon","coordinates":[[[82.934,21.497],[82.691,21.484],[82.697,21.331],[82.472,21.328],[82.389,21.262],[82.194,21.379],[81.931,21.493],[81.901,21.6],[81.695,21.601],[81.698,21.748],[81.937,21.814],[82.038,21.883],[82.201,21.761],[82.446,21.744],[82.949,21.724],[82.934,21.497]]]},"properties":{"id":"baloda-bazar-chhattisgarh","district":"Baloda Bazar","state":"Chhattisgarh"}},
{"type":"Feature","geometry":{"type":"Polygon","coordinates":[[[81.501,22.004],[81.556,22.344],[81.475,22.489],[81.622,22.538],[81.729,22.67],[81.976,22.36],[81.765,22.242],[82.038,21.883],[81.937,21.814],[81.753,21.96],[81.501,22.004]]]},"properties":{"id":"mungeli-chhattisgarh","district":"Mungeli","state":"Chhattisgarh"}},
{"type":"Feature","geometry":{"type":"Polygon","coordinates":[[[71.59,21.688],[71.393,21.981],[71.5,22.054],[71.437,22.261],[71.532,22.342],[71.862,22.371],[72.06,22.247],[72.061,22.102],[71.92,22.131],[71.735,22.011],[71.59,21.688]]]},"properties":{"id":"botad-gujarat","district":"Botad","state":"Gujarat"}},
{"type":"Feature","geometry":{"type":"Polygon","coordinates":[[[73.531,22.051],[73.563,22.33],[73.731,22.287],[73.803,22.549],[74.058,22.55],[74.19,22.32],[74.095,22.017],[74.147,21.951],[73.939,21.874],[73.855,21.952],[73.531,22.051]]]},"properties":{"id":"chhota-udaipur-gujarat","district":"Chhota Udaipur","state":"Gujarat"}},
{"type":"Feature","geometry":{"type":"Polygon","coordinates":[[[70.855,21.167],[71.006,21.166],[71.134,21.068],[71.206,20.796],[71,20.742],[70.92,20.742],[70.827,20.69],[70.448,20.848],[70.24,20.992],[70.4,21.053],[70.593,21.281],[70.855,21.167]]]},"properties":{"id":"gir-somnath-gujarat","district":"Gir Somnath","state":"Gujarat"}},
{"type":"Feature","geometry":{"type":"Polygon","coordinates":[[[87.076,22.726],[87.082,22.472],[87.205,22.304],[87.137,22.127],[87.243,21.964],[87.101,21.864],[87.029,22.039],[86.838,22.098],[86.728,22.216],[86.845,22.4],[86.766,22.576],[86.559,22.714],[86.61,22.799],[86.894,22.652],[87.076,22.726]]]},"properties":{"id":"jhargram-west-bengal","district":"Jhargram","state":"West Bengal"}},
{"type":"Feature","geometry":{"type":"Polygon","coordinates":[[[70.148,21.665],[70.073,21.739],[70.33,22.051],[70.549,22.047],[70.579,22.239],[70.474,22.309],[70.466,22.47],[70.581,22.604],[70.694,22.437],[70.982,22.415],[71.159,22.165],[71.235,22.276],[71.437,22.261],[71.5,22.054],[71.393,21.981],[71.33,22.032],[71.03,21.874],[71.047,21.755],[70.793,21.666],[70.437,21.659],[70.304,21.59],[70.148,21.665]]]},"properties":{"id":"rajkot-gujarat","district":"Rajkot","state":"Gujarat"}},
{"type":"Feature","geometry":{"type":"Polygon","coordinates":[[[71.677,20.996],[71.526,21.186],[71.625,21.328],[71.479,21.482],[71.59,21.688],[71.735,22.011],[71.92,22.131],[72.061,22.102],[72.245,21.995],[72.194,21.75],[72.309,21.625],[72.109,21.302],[72.113,21.199],[71.677,20.996]]]},"properties":{"id":"bhavnagar-gujarat","district":"Bhavnagar","state":"Gujarat"}},
{"type":"Feature","geometry":{"type":"Polygon","coordinates":[[[78.27,22.401],[78.277,22.091],[78.514,21.937],[78.459,21.718],[78.343,21.589],[78.03,21.421],[77.488,21.375],[77.575,21.527],[77.479,21.77],[77.062,21.713],[77.221,21.907],[77.505,22.03],[77.39,22.223],[77.548,22.352],[77.855,22.368],[78.033,22.33],[78.27,22.401]]]},"properties":{"id":"betul-madhya-pradesh","district":"Betul","state":"Madhya Pradesh"}},
{"type":"Feature","geometry":{"type":"Polygon","coordinates":[[[70.793,21.666],[70.923,21.462],[70.943,21.311],[70.855,21.167],[70.593,21.281],[70.4,21.053],[70.24,20.992],[69.981,21.227],[69.945,21.398],[69.991,21.579],[70.148,21.665],[70.304,21.59],[70.437,21.659],[70.793,21.666]]]},"properties":{"id":"junagadh-gujarat","district":"Junagadh","state":"Gujarat"}},
{"type":"Feature","geometry":{"type":"Polygon","coordinates":[[[85.145,21.594],[85.154,21.462],[84.877,21.164],[84.744,21.17],[84.711,21.318],[84.409,21.476],[84.536,21.567],[84.503,21.682],[84.662,21.761],[84.79,21.669],[85.026,21.673],[85.145,21.594]]]},"properties":{"id":"deogarh-odisha","district":"Deogarh","state":"Odisha"}},
{"type":"Feature","geometry":{"type":"Polygon","coordinates":[[[70.073,21.739],[69.815,21.821],[69.916,21.927],[69.732,22.308],[69.754,22.418],[69.975,22.543],[70.125,22.553],[70.399,22.905],[70.497,22.933],[70.645,22.863],[70.581,22.604],[70.466,22.47],[70.474,22.309],[70.579,22.239],[70.549,22.047],[70.33,22.051],[70.073,21.739]]]},"properties":{"id":"jamnagar-gujarat","district":"Jamnagar","state":"Gujarat"}},
{"type":"Feature","geometry":{"type":"Polygon","coordinates":[[[69.815,21.821],[69.656,21.838],[69.559,21.941],[69.396,21.889],[69.217,21.957],[68.966,22.234],[69.006,22.44],[69.341,22.312],[69.754,22.418],[69.732,22.308],[69.916,21.927],[69.815,21.821]]]},"properties":{"id":"devbhumi-dwarka-gujarat","district":"Devbhumi Dwarka","state":"Gujarat"}},
{"type":"Feature","geometry":{"type":"Polygon","coordinates":[[[74.934,20.271],[75.227,20.495],[75.257,20.576],[75.528,20.555],[76.006,20.647],[75.976,20.532],[75.765,20.452],[75.592,20.007],[75.655,19.908],[75.655,19.569],[75.606,19.385],[75.476,19.426],[75.153,19.589],[74.884,19.656],[74.717,19.78],[74.67,19.946],[74.714,20.134],[74.934,20.271]]]},"properties":{"id":"aurangabad-maharashtra","district":"Aurangabad","state":"Maharashtra"}},
{"type":"Feature","geometry":{"type":"Polygon","coordinates":[[[75.604,17.305],[75.633,17.477],[75.932,17.323],[76.075,17.337],[76.441,16.997],[76.37,16.769],[76.462,16.711],[76.435,16.438],[76.332,16.427],[76.332,16.194],[76.239,16.166],[75.633,16.443],[75.384,16.764],[75.341,16.956],[75.665,16.979],[75.604,17.305]]]},"properties":{"id":"vijayapura-karnataka","district":"Vijayapura","state":"Karnataka"}},
{"type":"Feature","geometry":{"type":"Polygon","coordinates":[[[80.276,18.72],[80.349,18.848],[80.271,18.943],[80.482,19.337],[80.752,19.288],[80.852,19.365],[80.955,19.237],[81.129,19.256],[81.21,19.183],[81.236,18.967],[81.16,18.691],[81.183,18.541],[81.022,18.466],[81.076,18.192],[80.979,18.166],[80.756,18.17],[80.706,18.439],[80.455,18.631],[80.372,18.611],[80.276,18.72]]]},"properties":{"id":"bijapur-chhattisgarh","district":"Bijapur","state":"Chhattisgarh"}},
{"type":"Feature","geometry":{"type":"Polygon","coordinates":[[[73.526,19.13],[73.532,19.031],[73.369,18.795],[73.421,18.303],[73.653,18.173],[73.658,18.03],[73.572,17.876],[73.373,17.925],[73.288,18.071],[73.044,17.982],[72.895,18.463],[72.934,18.541],[72.836,18.864],[72.956,18.988],[73.047,19.098],[73.251,19.061],[73.526,19.13]]]},"properties":{"id":"raigad-maharashtra","district":"Raigad","state":"Maharashtra"}},
{"type":"Feature","geometry":{"type":"Polygon","coordinates":[[[83.269,21.377],[82.934,21.497],[82.949,21.724],[83.264,21.715],[83.188,21.927],[83.004,21.966],[82.937,22.122],[83.114,22.422],[83.111,22.671],[83.218,22.788],[83.409,22.641],[83.4,22.554],[83.738,22.378],[83.802,22.294],[83.628,22.203],[83.538,22.045],[83.591,21.825],[83.487,21.644],[83.383,21.621],[83.269,21.377]]]},"properties":{"id":"raigarh-chhattisgarh","district":"Raigarh","state":"Chhattisgarh"}},
{"type":"Feature","geometry":{"type":"Polygon","coordinates":[[[82.458,22.214],[82.334,22.106],[82.305,21.908],[82.446,21.744],[82.201,21.761],[82.038,21.883],[81.765,22.242],[81.976,22.36],[81.729,22.67],[81.732,22.676],[81.95,22.983],[82.123,23.104],[82.216,22.944],[82.134,22.854],[82.174,22.671],[82.138,22.455],[82.204,22.312],[82.351,22.327],[82.458,22.214]]]},"properties":{"id":"bilaspur-chhattisgarh","district":"Bilaspur","state":"Chhattisgarh"}},
{"type":"Feature","geometry":{"type":"Polygon","coordinates":[[[79.724,10.929],[79.748,10.996],[79.851,10.985],[79.849,10.827],[79.724,10.929]]]},"properties":{"id":"karaikal-puducherry","district":"Karaikal","state":"Puducherry"}},
{"type":"Feature","geometry":{"type":"Polygon","coordinates":[[[75.555,11.722],[75.537,11.72],[75.542,11.739],[75.555,11.722]]]},"properties":{"id":"mahe-puducherry","district":"Mahe","state":"Puducherry"}},
{"type":"Feature","geometry":{"type":"Polygon","coordinates":[[[82.186,16.737],[82.27,16.722],[82.267,16.695],[82.239,16.717],[82.2,16.721],[82.186,16.737]]]},"properties":{"id":"yanam-puducherry","district":"Yanam","state":"Puducherry"}},
{"type":"Feature","geometry":{"type":"Polygon","coordinates":[[[84.279,20.922],[84.018,21.051],[83.894,21.175],[83.886,21.438],[83.799,21.563],[83.967,21.581],[83.981,21.78],[84.238,21.806],[84.27,22.015],[84.267,22.105],[84.477,22.19],[84.526,21.814],[84.662,21.761],[84.503,21.682],[84.536,21.567],[84.409,21.476],[84.711,21.318],[84.744,21.17],[84.481,21.08],[84.279,20.922]]]},"properties":{"id":"sambalpur-odisha","district":"Sambalpur","state":"Odisha"}},
{"type":"Feature","geometry":{"type":"Polygon","coordinates":[[[73.407,20.624],[73.073,20.601],[73.047,20.7],[72.855,20.75],[72.751,21.062],[73.025,21.02],[73.125,20.897],[73.317,20.88],[73.496,20.819],[73.474,20.72],[73.407,20.624]]]},"properties":{"id":"navsari-gujarat","district":"Navsari","state":"Gujarat"}},
{"type":"Feature","geometry":{"type":"Polygon","coordinates":[[[73.054,8.273],[73.043,8.263],[73.018,8.276],[73.054,8.273]]]},"properties":{"id":"lakshadweep-lakshadweep","district":"Lakshadweep","state":"Lakshadweep"}},
{"type":"Feature","geometry":{"type":"Polygon","coordinates":[[[72.887,20.462],[72.829,20.368],[72.836,20.453],[72.887,20.462]]]},"properties":{"id":"daman-dadra-and-nagar-haveli-and-daman-and-diu","district":"Daman","state":"Dadra and Nagar Haveli and Daman and Diu"}},
{"type":"Feature","geometry":{"type":"Polygon","coordinates":[[[70.92,20.742],[71,20.742],[70.977,20.702],[70.92,20.742]]]},"properties":{"id":"diu-dadra-and-nagar-haveli-and-daman-and-diu","district":"Diu","state":"Dadra and Nagar Haveli and Daman and Diu"}},
{"type":"Feature","geometry":{"type":"Polygon","coordinates":[[[79.914,18.826],[80.118,18.68],[80.276,18.72],[80.372,18.611],[80.232,18.556],[80.216,18.39],[79.923,18.406],[79.84,18.133],[79.579,18.243],[79.563,18.263],[79.566,18.424],[79.791,18.573],[79.81,18.703],[79.914,18.826]]]},"properties":{"id":"jayashankar-bhupalapally-telangana","district":"Jayashankar Bhupalapally","state":"Telangana"}},
{"type":"Feature","geometry":{"type":"Polygon","coordinates":[[[77.459,16.885],[77.467,16.955],[77.76,17.003],[77.727,16.85],[77.788,16.574],[77.751,16.403],[77.661,16.362],[77.594,16.343],[77.288,16.409],[77.416,16.518],[77.459,16.885]]]},"properties":{"id":"narayanpet-telangana","district":"Narayanpet","state":"Telangana"}},
{"type":"Feature","geometry":{"type":"Polygon","coordinates":[[[81.9,18.661],[81.911,18.57],[81.53,18.24],[81.482,17.977],[81.397,17.818],[81.166,17.858],[81.085,17.797],[81.016,17.795],[80.979,18.166],[81.076,18.192],[81.022,18.466],[81.183,18.541],[81.369,18.433],[81.57,18.74],[81.674,18.652],[81.9,18.661]]]},"properties":{"id":"sukma-chhattisgarh","district":"Sukma","state":"Chhattisgarh"}},
{"type":"Feature","geometry":{"type":"Polygon","coordinates":[[[94.401,28.339],[94.357,28.199],[94.485,28.021],[94.595,27.87],[94.318,27.773],[93.962,27.979],[93.855,28.082],[93.84,28.237],[93.679,28.323],[93.456,28.272],[93.224,28.342],[93.182,28.433],[93.34,28.64],[93.962,28.713],[94.002,28.578],[94.401,28.339]]]},"properties":{"id":"upper-subansiri-arunachal-pradesh","district":"Upper Subansiri","state":"Arunachal Pradesh"}},
{"type":"Feature","geometry":{"type":"Polygon","coordinates":[[[96.862,27.631],[96.699,27.66],[96.632,27.811],[96.417,27.924],[96.288,28.061],[96.305,28.369],[96.314,28.383],[96.663,28.46],[96.78,28.364],[96.995,28.31],[97.089,28.362],[97.371,28.218],[97.253,27.9],[96.862,27.631]]]},"properties":{"id":"anjaw-arunachal-pradesh","district":"Anjaw","state":"Arunachal Pradesh"}},
{"type":"Feature","geometry":{"type":"Polygon","coordinates":[[[95.774,27.733],[95.874,27.544],[95.857,27.271],[95.634,27.231],[95.484,27.242],[95.475,27.367],[95.221,27.444],[95.27,27.681],[95.514,27.88],[95.519,27.884],[95.606,27.955],[95.97,27.96],[95.774,27.733]]]},"properties":{"id":"tinsukia-assam","district":"Tinsukia","state":"Assam"}},
{"type":"Feature","geometry":{"type":"Polygon","coordinates":[[[95.514,27.88],[95.27,27.681],[94.996,27.659],[94.626,27.337],[94.39,27.351],[94.266,27.52],[94.213,27.606],[94.462,27.555],[94.852,27.727],[95.137,27.815],[95.514,27.88]]]},"properties":{"id":"dhemaji-assam","district":"Dhemaji","state":"Assam"}},
{"type":"Feature","geometry":{"type":"Polygon","coordinates":[[[96.699,27.66],[96.862,27.631],[96.962,27.401],[97.164,27.142],[97.063,27.092],[96.86,27.19],[96.797,27.346],[96.606,27.366],[96.306,27.294],[96.022,27.18],[95.946,27.051],[95.684,26.904],[95.634,27.231],[95.857,27.271],[95.874,27.544],[96.062,27.606],[96.311,27.571],[96.372,27.645],[96.699,27.66]]]},"properties":{"id":"changlang-arunachal-pradesh","district":"Changlang","state":"Arunachal Pradesh"}},
{"type":"Feature","geometry":{"type":"Polygon","coordinates":[[[95.27,27.681],[95.221,27.444],[95.475,27.367],[95.484,27.242],[95.377,27.096],[95.369,27.11],[94.985,27.169],[94.835,27.092],[94.77,27.238],[94.594,27.146],[94.563,27.181],[94.626,27.337],[94.996,27.659],[95.27,27.681]]]},"properties":{"id":"dibrugarh-assam","district":"Dibrugarh","state":"Assam"}},
{"type":"Feature","geometry":{"type":"Polygon","coordinates":[[[92.014,27.489],[91.655,27.483],[91.564,27.584],[91.63,27.801],[91.826,27.81],[91.881,27.722],[92.257,27.862],[92.468,27.815],[92.461,27.782],[92.393,27.672],[92.222,27.627],[92.014,27.489]]]},"properties":{"id":"tawang-arunachal-pradesh","district":"Tawang","state":"Arunachal Pradesh"}},
{"type":"Feature","geometry":{"type":"Polygon","coordinates":[[[93.942,27.511],[94.219,27.505],[93.806,27.148],[93.698,26.995],[93.398,26.957],[93.312,27.173],[93.331,27.355],[93.23,27.604],[93.514,27.65],[93.543,27.621],[93.666,27.337],[93.835,27.363],[93.942,27.511]]]},"properties":{"id":"papum-pare-arunachal-pradesh","district":"Papum Pare","state":"Arunachal Pradesh"}},
{"type":"Feature","geometry":{"type":"Polygon","coordinates":[[[94.266,27.52],[94.39,27.351],[94.626,27.337],[94.563,27.181],[94.234,27.071],[93.964,26.924],[93.769,26.845],[93.698,26.995],[93.806,27.148],[94.219,27.505],[94.266,27.52]]]},"properties":{"id":"lakhimpur-assam","district":"Lakhimpur","state":"Assam"}},
{"type":"Feature","geometry":{"type":"Polygon","coordinates":[[[95.484,27.242],[95.634,27.231],[95.684,26.904],[95.496,26.817],[95.367,26.935],[95.377,27.096],[95.484,27.242]]]},"properties":{"id":"tirap-arunachal-pradesh","district":"Tirap","state":"Arunachal Pradesh"}},
{"type":"Feature","geometry":{"type":"Polygon","coordinates":[[[94.594,27.146],[94.77,27.238],[94.835,27.092],[94.924,26.949],[94.791,26.797],[94.736,26.75],[94.586,26.725],[94.396,26.951],[94.594,27.146]]]},"properties":{"id":"sivasagar-assam","district":"Sivasagar","state":"Assam"}},
{"type":"Feature","geometry":{"type":"Polygon","coordinates":[[[94.396,26.951],[94.586,26.725],[94.403,26.611],[94.314,26.461],[94.164,26.351],[94.098,26.643],[94,26.867],[94.396,26.951]]]},"properties":{"id":"jorhat-assam","district":"Jorhat","state":"Assam"}},
{"type":"Feature","geometry":{"type":"Polygon","coordinates":[[[94.791,26.797],[94.924,26.949],[95.196,27.034],[95.234,26.682],[95.062,26.45],[95.123,26.348],[94.913,26.38],[94.791,26.797]]]},"properties":{"id":"mon-nagaland","district":"Mon","state":"Nagaland"}},
{"type":"Feature","geometry":{"type":"Polygon","coordinates":[[[93.061,26.922],[93.144,26.594],[92.951,26.621],[92.575,26.5],[92.419,26.515],[92.341,26.502],[92.36,26.583],[92.36,26.926],[92.656,27.008],[92.887,27],[93.061,26.922]]]},"properties":{"id":"sonitpur-assam","district":"Sonitpur","state":"Assam"}},
{"type":"Feature","geometry":{"type":"Polygon","coordinates":[[[93.769,26.845],[93.964,26.924],[94,26.867],[94.098,26.643],[94.164,26.351],[94,26.172],[93.955,25.969],[93.776,25.969],[93.893,26.372],[93.701,26.607],[93.297,26.575],[93.306,26.698],[93.769,26.845]]]},"properties":{"id":"golaghat-assam","district":"Golaghat","state":"Assam"}},
{"type":"Feature","geometry":{"type":"Polygon","coordinates":[[[94.736,26.75],[94.791,26.797],[94.913,26.38],[94.71,26.446],[94.736,26.75]]]},"properties":{"id":"longleng-nagaland","district":"Longleng","state":"Nagaland"}},
{"type":"Feature","geometry":{"type":"Polygon","coordinates":[[[94.586,26.725],[94.736,26.75],[94.71,26.446],[94.583,26.219],[94.372,26.196],[94.314,26.461],[94.403,26.611],[94.586,26.725]]]},"properties":{"id":"mokokchung-nagaland","district":"Mokokchung","state":"Nagaland"}},
{"type":"Feature","geometry":{"type":"Polygon","coordinates":[[[92.36,26.926],[92.36,26.583],[92.072,26.647],[92.003,26.544],[91.778,26.513],[91.704,26.813],[91.893,26.919],[92.113,26.893],[92.36,26.926]]]},"properties":{"id":"udalguri-assam","district":"Udalguri","state":"Assam"}},
{"type":"Feature","geometry":{"type":"Polygon","coordinates":[[[90.875,26.563],[90.847,26.528],[90.745,26.465],[90.52,26.509],[90.399,26.442],[90.336,26.863],[90.418,26.905],[90.717,26.769],[90.951,26.777],[90.875,26.563]]]},"properties":{"id":"chirang-assam","district":"Chirang","state":"Assam"}},
{"type":"Feature","geometry":{"type":"Polygon","coordinates":[[[91.704,26.813],[91.778,26.513],[91.78,26.479],[91.578,26.528],[91.249,26.523],[90.989,26.59],[90.875,26.563],[90.951,26.777],[91.098,26.823],[91.337,26.78],[91.704,26.813]]]},"properties":{"id":"baksa-assam","district":"Baksa","state":"Assam"}},
{"type":"Feature","geometry":{"type":"Polygon","coordinates":[[[92.419,26.515],[92.575,26.5],[92.951,26.621],[93.144,26.594],[93.306,26.698],[93.297,26.575],[93.013,26.508],[92.942,26.331],[92.802,26.201],[92.753,26.054],[92.529,26.15],[92.395,26.113],[92.419,26.515]]]},"properties":{"id":"nagaon-assam","district":"Nagaon","state":"Assam"}},
{"type":"Feature","geometry":{"type":"Polygon","coordinates":[[[90.336,26.863],[90.399,26.442],[90.425,26.363],[90.116,26.339],[90.136,26.215],[89.882,26.135],[89.843,26.383],[89.835,26.414],[89.852,26.698],[90.194,26.773],[90.336,26.863]]]},"properties":{"id":"kokrajhar-assam","district":"Kokrajhar","state":"Assam"}},
{"type":"Feature","geometry":{"type":"Polygon","coordinates":[[[92.36,26.583],[92.341,26.502],[91.98,26.274],[91.748,26.21],[91.78,26.479],[91.778,26.513],[92.003,26.544],[92.072,26.647],[92.36,26.583]]]},"properties":{"id":"darrang-assam","district":"Darrang","state":"Assam"}},
{"type":"Feature","geometry":{"type":"Polygon","coordinates":[[[94.913,26.38],[95.123,26.348],[95.117,26.108],[95.014,25.891],[94.846,26.042],[94.669,26.02],[94.705,26.172],[94.583,26.219],[94.71,26.446],[94.913,26.38]]]},"properties":{"id":"tuensang-nagaland","district":"Tuensang","state":"Nagaland"}},
{"type":"Feature","geometry":{"type":"Polygon","coordinates":[[[90.847,26.528],[90.875,26.563],[90.989,26.59],[91.249,26.523],[91.277,26.342],[91.223,26.179],[90.944,26.094],[90.67,26.203],[90.861,26.431],[90.847,26.528]]]},"properties":{"id":"barpeta-assam","district":"Barpeta","state":"Assam"}},
{"type":"Feature","geometry":{"type":"Polygon","coordinates":[[[91.249,26.523],[91.578,26.528],[91.525,26.336],[91.353,26.167],[91.223,26.179],[91.277,26.342],[91.249,26.523]]]},"properties":{"id":"nalbari-assam","district":"Nalbari","state":"Assam"}},
{"type":"Feature","geometry":{"type":"Polygon","coordinates":[[[92.341,26.502],[92.419,26.515],[92.395,26.113],[92.274,26.065],[92.173,26.076],[91.98,26.274],[92.341,26.502]]]},"properties":{"id":"morigaon-assam","district":"Morigaon","state":"Assam"}},
{"type":"Feature","geometry":{"type":"Polygon","coordinates":[[[91.578,26.528],[91.78,26.479],[91.748,26.21],[91.723,26.035],[91.58,26.034],[91.445,25.84],[91.335,25.841],[91.008,25.825],[91.026,25.886],[91.1,26.01],[90.944,26.094],[91.223,26.179],[91.353,26.167],[91.525,26.336],[91.578,26.528]]]},"properties":{"id":"kamrup-assam","district":"Kamrup","state":"Assam"}},
{"type":"Feature","geometry":{"type":"Polygon","coordinates":[[[90.399,26.442],[90.52,26.509],[90.745,26.465],[90.847,26.528],[90.861,26.431],[90.67,26.203],[90.39,26.204],[90.425,26.363],[90.399,26.442]]]},"properties":{"id":"bongaigaon-assam","district":"Bongaigaon","state":"Assam"}},
{"type":"Feature","geometry":{"type":"Polygon","coordinates":[[[89.843,26.383],[89.882,26.135],[90.136,26.215],[90.116,26.339],[90.425,26.363],[90.39,26.204],[90.179,26.049],[89.843,25.882],[89.887,25.946],[89.729,26.171],[89.843,26.383]]]},"properties":{"id":"dhubri-assam","district":"Dhubri","state":"Assam"}},
{"type":"Feature","geometry":{"type":"Polygon","coordinates":[[[91.748,26.21],[91.98,26.274],[92.173,26.076],[91.723,26.035],[91.748,26.21]]]},"properties":{"id":"kamrup-metropolitan-assam","district":"Kamrup Metropolitan","state":"Assam"}},
{"type":"Feature","geometry":{"type":"Polygon","coordinates":[[[94.669,26.02],[94.846,26.042],[95.014,25.891],[95.04,25.742],[94.883,25.587],[94.713,25.759],[94.569,25.889],[94.669,26.02]]]},"properties":{"id":"kiphire-nagaland","district":"Kiphire","state":"Nagaland"}},
{"type":"Feature","geometry":{"type":"Polygon","coordinates":[[[90.67,26.203],[90.944,26.094],[91.1,26.01],[91.026,25.886],[90.948,25.948],[90.632,25.919],[90.434,25.991],[90.122,25.959],[90.179,26.049],[90.39,26.204],[90.67,26.203]]]},"properties":{"id":"goalpara-assam","district":"Goalpara","state":"Assam"}},
{"type":"Feature","geometry":{"type":"Polygon","coordinates":[[[92.173,26.076],[92.274,26.065],[92.164,25.97],[92.152,25.672],[92.132,25.64],[91.829,25.673],[91.788,25.79],[91.459,25.789],[91.335,25.841],[91.445,25.84],[91.58,26.034],[91.723,26.035],[92.173,26.076]]]},"properties":{"id":"ribhoi-meghalaya","district":"Ribhoi","state":"Meghalaya"}},
{"type":"Feature","geometry":{"type":"Polygon","coordinates":[[[93.065,25.775],[93.143,25.719],[93.208,25.543],[93.329,25.543],[93.47,25.306],[93.381,25.24],[93.247,24.972],[93.014,25.062],[92.54,25.099],[92.792,25.283],[92.569,25.466],[92.661,25.572],[92.821,25.741],[93.065,25.775]]]},"properties":{"id":"dima-hasao-assam","district":"Dima Hasao","state":"Assam"}},
{"type":"Feature","geometry":{"type":"Polygon","coordinates":[[[94.173,24.631],[94.167,24.927],[94.531,25.034],[94.653,25.115],[94.744,25.037],[94.629,24.756],[94.375,24.494],[94.173,24.631]]]},"properties":{"id":"kamjong-manipur","district":"Kamjong","state":"Manipur"}},
{"type":"Feature","geometry":{"type":"Polygon","coordinates":[[[91.008,25.825],[91.335,25.841],[91.459,25.789],[91.788,25.79],[91.829,25.673],[91.546,25.482],[91.168,25.466],[91.025,25.338],[90.84,25.308],[90.748,25.379],[90.762,25.552],[90.942,25.754],[91.008,25.825]]]},"properties":{"id":"west-khasi-hills-meghalaya","district":"West Khasi Hills","state":"Meghalaya"}},
{"type":"Feature","geometry":{"type":"Polygon","coordinates":[[[93.47,25.306],[93.329,25.543],[93.513,25.675],[93.929,25.671],[93.936,25.559],[93.805,25.463],[93.606,25.199],[93.47,25.306]]]},"properties":{"id":"peren-nagaland","district":"Peren","state":"Nagaland"}},
{"type":"Feature","geometry":{"type":"Polygon","coordinates":[[[93.805,25.463],[93.936,25.559],[94.19,25.548],[94.416,25.536],[94.488,25.605],[94.378,25.357],[94.214,25.176],[93.997,25.192],[93.921,25.396],[93.805,25.463]]]},"properties":{"id":"senapati-manipur","district":"Senapati","state":"Manipur"}},
{"type":"Feature","geometry":{"type":"Polygon","coordinates":[[[92.569,25.466],[92.792,25.283],[92.54,25.099],[92.425,25.03],[92.199,25.125],[92.175,25.354],[92.569,25.466]]]},"properties":{"id":"east-jaintia-hills-meghalaya","district":"East Jaintia Hills","state":"Meghalaya"}},
{"type":"Feature","geometry":{"type":"Polygon","coordinates":[[[91.829,25.673],[92.132,25.64],[92.112,25.306],[92.017,25.189],[91.603,25.174],[91.355,25.233],[91.548,25.287],[91.546,25.482],[91.829,25.673]]]},"properties":{"id":"east-khasi-hills-meghalaya","district":"East Khasi Hills","state":"Meghalaya"}},
{"type":"Feature","geometry":{"type":"Polygon","coordinates":[[[93.247,24.972],[93.381,25.24],[93.47,25.306],[93.606,25.199],[93.805,25.463],[93.921,25.396],[93.773,25.154],[93.817,25.023],[93.757,24.792],[93.407,24.825],[93.214,24.697],[93.175,24.798],[93.247,24.972]]]},"properties":{"id":"tamenglong-manipur","district":"Tamenglong","state":"Manipur"}},
{"type":"Feature","geometry":{"type":"Polygon","coordinates":[[[90.762,25.552],[90.748,25.379],[90.84,25.308],[90.97,25.173],[90.511,25.169],[90.234,25.203],[90.32,25.464],[90.644,25.416],[90.762,25.552]]]},"properties":{"id":"south-garo-hills-meghalaya","district":"South Garo Hills","state":"Meghalaya"}},
{"type":"Feature","geometry":{"type":"Polygon","coordinates":[[[92.896,24.391],[92.762,24.513],[92.668,24.591],[92.58,24.872],[92.516,24.88],[92.425,25.03],[92.54,25.099],[93.014,25.062],[93.247,24.972],[93.175,24.798],[93.087,24.572],[93.009,24.413],[92.896,24.391]]]},"properties":{"id":"cachar-assam","district":"Cachar","state":"Assam"}},
{"type":"Feature","geometry":{"type":"Polygon","coordinates":[[[93.915,24.91],[93.942,24.719],[93.913,24.554],[93.869,24.527],[93.769,24.734],[93.915,24.91]]]},"properties":{"id":"imphal-west-manipur","district":"Imphal West","state":"Manipur"}},
{"type":"Feature","geometry":{"type":"Polygon","coordinates":[[[92.516,24.88],[92.58,24.872],[92.506,24.664],[92.509,24.455],[92.422,24.25],[92.295,24.245],[92.214,24.509],[92.295,24.737],[92.516,24.88]]]},"properties":{"id":"karimganj-assam","district":"Karimganj","state":"Assam"}},
{"type":"Feature","geometry":{"type":"Polygon","coordinates":[[[92.762,24.513],[92.532,24.178],[92.422,24.25],[92.509,24.455],[92.506,24.664],[92.58,24.872],[92.668,24.591],[92.762,24.513]]]},"properties":{"id":"hailakandi-assam","district":"Hailakandi","state":"Assam"}},
{"type":"Feature","geometry":{"type":"Polygon","coordinates":[[[93.869,24.527],[93.913,24.554],[94.023,24.52],[94.039,24.448],[93.892,24.351],[93.863,24.208],[93.866,24.293],[93.869,24.527]]]},"properties":{"id":"kakching-manipur","district":"Kakching","state":"Manipur"}},
{"type":"Feature","geometry":{"type":"Polygon","coordinates":[[[93.769,24.734],[93.869,24.527],[93.866,24.293],[93.698,24.425],[93.734,24.618],[93.737,24.624],[93.769,24.734]]]},"properties":{"id":"bishnupur-manipur","district":"Bishnupur","state":"Manipur"}},
{"type":"Feature","geometry":{"type":"Polygon","coordinates":[[[93.863,24.208],[93.892,24.351],[94.039,24.448],[94.147,24.382],[94.253,24.114],[94.156,23.848],[94.017,23.927],[93.808,23.926],[93.74,24.006],[93.863,24.208]]]},"properties":{"id":"chandel-manipur","district":"Chandel","state":"Manipur"}},
{"type":"Feature","geometry":{"type":"Polygon","coordinates":[[[93.863,24.208],[93.74,24.006],[93.505,23.943],[93.378,24.088],[93.479,24.249],[93.366,24.384],[93.389,24.568],[93.734,24.618],[93.698,24.425],[93.866,24.293],[93.863,24.208]]]},"properties":{"id":"churachandpur-manipur","district":"Churachandpur","state":"Manipur"}},
{"type":"Feature","geometry":{"type":"Polygon","coordinates":[[[92.295,24.245],[92.324,23.914],[92.265,23.727],[92.176,23.707],[92.084,23.989],[92.204,24.182],[92.071,24.377],[92.214,24.509],[92.295,24.245]]]},"properties":{"id":"north-tripura-tripura","district":"North Tripura","state":"Tripura"}},
{"type":"Feature","geometry":{"type":"Polygon","coordinates":[[[92.084,23.989],[92.176,23.707],[91.974,23.481],[91.804,23.515],[91.768,23.688],[91.756,24.142],[91.924,24.109],[92.084,23.989]]]},"properties":{"id":"dhalai-tripura","district":"Dhalai","state":"Tripura"}},
{"type":"Feature","geometry":{"type":"Polygon","coordinates":[[[91.421,23.375],[91.32,23.277],[91.161,23.595],[91.226,23.732],[91.564,23.787],[91.569,23.76],[91.398,23.585],[91.421,23.375]]]},"properties":{"id":"sipahijala-tripura","district":"Sipahijala","state":"Tripura"}},
{"type":"Feature","geometry":{"type":"Polygon","coordinates":[[[91.768,23.688],[91.804,23.515],[91.759,23.266],[91.607,23.404],[91.421,23.375],[91.398,23.585],[91.569,23.76],[91.768,23.688]]]},"properties":{"id":"gomati-tripura","district":"Gomati","state":"Tripura"}},
{"type":"Feature","geometry":{"type":"Polygon","coordinates":[[[94.164,26.351],[94.314,26.461],[94.372,26.196],[94.276,26.005],[94.002,25.991],[93.955,25.969],[94,26.172],[94.164,26.351]]]},"properties":{"id":"wokha-nagaland","district":"Wokha","state":"Nagaland"}},
{"type":"Feature","geometry":{"type":"Polygon","coordinates":[[[94.372,26.196],[94.583,26.219],[94.705,26.172],[94.669,26.02],[94.569,25.889],[94.713,25.759],[94.456,25.853],[94.273,25.794],[94.276,26.005],[94.372,26.196]]]},"properties":{"id":"zunheboto-nagaland","district":"Zunheboto","state":"Nagaland"}},
{"type":"Feature","geometry":{"type":"Polygon","coordinates":[[[94.713,25.759],[94.883,25.587],[94.675,25.445],[94.488,25.605],[94.416,25.536],[94.19,25.548],[94.273,25.794],[94.456,25.853],[94.713,25.759]]]},"properties":{"id":"phek-nagaland","district":"Phek","state":"Nagaland"}},
{"type":"Feature","geometry":{"type":"Polygon","coordinates":[[[90.122,25.959],[90.434,25.991],[90.401,25.759],[90.32,25.464],[90.234,25.203],[89.974,25.299],[90.151,25.375],[90.171,25.544],[90.02,25.607],[89.899,25.727],[90.122,25.959]]]},"properties":{"id":"west-garo-hills-meghalaya","district":"West Garo Hills","state":"Meghalaya"}},
{"type":"Feature","geometry":{"type":"Polygon","coordinates":[[[90.942,25.754],[90.762,25.552],[90.644,25.416],[90.32,25.464],[90.401,25.759],[90.5,25.719],[90.832,25.819],[90.942,25.754]]]},"properties":{"id":"east-garo-hills-meghalaya","district":"East Garo Hills","state":"Meghalaya"}},
{"type":"Feature","geometry":{"type":"Polygon","coordinates":[[[93.936,25.559],[93.929,25.671],[94.017,25.845],[94.002,25.991],[94.276,26.005],[94.273,25.794],[94.19,25.548],[93.936,25.559]]]},"properties":{"id":"kohima-nagaland","district":"Kohima","state":"Nagaland"}},
{"type":"Feature","geometry":{"type":"Polygon","coordinates":[[[93.776,25.969],[93.955,25.969],[94.002,25.991],[94.017,25.845],[93.929,25.671],[93.513,25.675],[93.776,25.969]]]},"properties":{"id":"dimapur-nagaland","district":"Dimapur","state":"Nagaland"}},
{"type":"Feature","geometry":{"type":"Polygon","coordinates":[[[95.519,27.884],[95.514,27.88],[95.137,27.815],[95.068,28.023],[95.228,28.156],[95.383,28.312],[95.563,28.255],[95.519,27.884]]]},"properties":{"id":"east-siang-arunachal-pradesh","district":"East Siang","state":"Arunachal Pradesh"}},
{"type":"Feature","geometry":{"type":"Polygon","coordinates":[[[96.305,28.369],[96.288,28.061],[96.417,27.924],[96.632,27.811],[96.699,27.66],[96.372,27.645],[96.311,27.571],[96.209,27.877],[96.024,27.85],[95.774,27.733],[95.97,27.96],[96.305,28.369]]]},"properties":{"id":"lohit-arunachal-pradesh","district":"Lohit","state":"Arunachal Pradesh"}},
{"type":"Feature","geometry":{"type":"Polygon","coordinates":[[[93.224,28.342],[93.456,28.272],[93.461,28.114],[93.618,27.954],[93.514,27.65],[93.23,27.604],[93.239,27.801],[92.979,27.823],[92.932,27.925],[92.734,27.976],[92.662,28.067],[92.802,28.202],[93.224,28.342]]]},"properties":{"id":"kurung-kumey-arunachal-pradesh","district":"Kurung Kumey","state":"Arunachal Pradesh"}},
{"type":"Feature","geometry":{"type":"Polygon","coordinates":[[[93.942,27.511],[93.835,27.363],[93.666,27.337],[93.543,27.621],[93.89,27.821],[93.942,27.511]]]},"properties":{"id":"lower-subansiri-arunachal-pradesh","district":"Lower Subansiri","state":"Arunachal Pradesh"}},
{"type":"Feature","geometry":{"type":"Polygon","coordinates":[[[92.461,27.782],[92.468,27.815],[92.734,27.976],[92.932,27.925],[92.979,27.823],[93.239,27.801],[93.23,27.604],[93.331,27.355],[92.809,27.177],[92.803,27.448],[92.661,27.483],[92.461,27.782]]]},"properties":{"id":"east-kameng-arunachal-pradesh","district":"East Kameng","state":"Arunachal Pradesh"}},
{"type":"Feature","geometry":{"type":"Polygon","coordinates":[[[92.014,27.489],[92.222,27.627],[92.393,27.672],[92.461,27.782],[92.661,27.483],[92.803,27.448],[92.809,27.177],[92.615,27.143],[92.656,27.008],[92.36,26.926],[92.113,26.893],[92.034,27.065],[92.071,27.276],[92.014,27.489]]]},"properties":{"id":"west-kameng-arunachal-pradesh","district":"West Kameng","state":"Arunachal Pradesh"}},
{"type":"Feature","geometry":{"type":"Polygon","coordinates":[[[92.132,25.64],[92.152,25.672],[92.444,25.72],[92.661,25.572],[92.569,25.466],[92.175,25.354],[92.199,25.125],[92.017,25.189],[92.112,25.306],[92.132,25.64]]]},"properties":{"id":"west-jaintia-hills-meghalaya","district":"West Jaintia Hills","state":"Meghalaya"}},
{"type":"Feature","geometry":{"type":"Polygon","coordinates":[[[90.84,25.308],[91.025,25.338],[91.168,25.466],[91.546,25.482],[91.548,25.287],[91.355,25.233],[90.97,25.173],[90.84,25.308]]]},"properties":{"id":"south-west-khasi-hills-meghalaya","district":"South West Khasi Hills","state":"Meghalaya"}},
{"type":"Feature","geometry":{"type":"Polygon","coordinates":[[[91.026,25.886],[91.008,25.825],[90.942,25.754],[90.832,25.819],[90.5,25.719],[90.401,25.759],[90.434,25.991],[90.632,25.919],[90.948,25.948],[91.026,25.886]]]},"properties":{"id":"north-garo-hills-meghalaya","district":"North Garo Hills","state":"Meghalaya"}},
{"type":"Feature","geometry":{"type":"Polygon","coordinates":[[[90.02,25.607],[90.171,25.544],[90.151,25.375],[89.974,25.299],[89.872,25.477],[90.02,25.607]]]},"properties":{"id":"south-west-garo-hills-meghalaya","district":"South West Garo Hills","state":"Meghalaya"}},
{"type":"Feature","geometry":{"type":"Polygon","coordinates":[[[91.756,24.142],[91.768,23.688],[91.569,23.76],[91.564,23.787],[91.47,24.062],[91.756,24.142]]]},"properties":{"id":"khowai-tripura","district":"Khowai","state":"Tripura"}},
{"type":"Feature","geometry":{"type":"Polygon","coordinates":[[[91.564,23.787],[91.226,23.732],[91.3,23.998],[91.47,24.062],[91.564,23.787]]]},"properties":{"id":"west-tripura-tripura","district":"West Tripura","state":"Tripura"}},
{"type":"Feature","geometry":{"type":"Polygon","coordinates":[[[91.32,23.277],[91.421,23.375],[91.607,23.404],[91.759,23.266],[91.806,23.063],[91.543,22.999],[91.454,23.261],[91.32,23.277]]]},"properties":{"id":"south-tripura-tripura","district":"South Tripura","state":"Tripura"}},
{"type":"Feature","geometry":{"type":"Polygon","coordinates":[[[92.071,24.377],[92.204,24.182],[92.084,23.989],[91.924,24.109],[91.971,24.382],[92.071,24.377]]]},"properties":{"id":"unokoti-tripura","district":"Unokoti","state":"Tripura"}},
{"type":"Feature","geometry":{"type":"Polygon","coordinates":[[[94.835,27.092],[94.985,27.169],[95.369,27.11],[95.196,27.034],[94.924,26.949],[94.835,27.092]]]},"properties":{"id":"charaideo-assam","district":"Charaideo","state":"Assam"}},
{"type":"Feature","geometry":{"type":"Polygon","coordinates":[[[94.563,27.181],[94.594,27.146],[94.396,26.951],[94,26.867],[93.964,26.924],[94.234,27.071],[94.563,27.181]]]},"properties":{"id":"majuli-assam","district":"Majuli","state":"Assam"}},
{"type":"Feature","geometry":{"type":"Polygon","coordinates":[[[93.398,26.957],[93.698,26.995],[93.769,26.845],[93.306,26.698],[93.144,26.594],[93.061,26.922],[93.398,26.957]]]},"properties":{"id":"biswanath-assam","district":"Biswanath","state":"Assam"}},
{"type":"Feature","geometry":{"type":"Polygon","coordinates":[[[92.753,26.054],[92.802,26.201],[93.109,26.078],[93.24,25.847],[93.143,25.719],[93.065,25.775],[92.869,25.869],[92.753,26.054]]]},"properties":{"id":"hojai-assam","district":"Hojai","state":"Assam"}},
{"type":"Feature","geometry":{"type":"Polygon","coordinates":[[[89.843,25.882],[90.179,26.049],[90.122,25.959],[89.899,25.727],[90.02,25.607],[89.872,25.477],[89.843,25.882]]]},"properties":{"id":"south-salmara-mankachar-assam","district":"South Salmara Mankachar","state":"Assam"}},
{"type":"Feature","geometry":{"type":"Polygon","coordinates":[[[93.297,26.575],[93.701,26.607],[93.893,26.372],[93.776,25.969],[93.513,25.675],[93.329,25.543],[93.208,25.543],[93.143,25.719],[93.24,25.847],[93.109,26.078],[92.802,26.201],[92.942,26.331],[93.013,26.508],[93.297,26.575]]]},"properties":{"id":"karbi-anglong-assam","district":"Karbi Anglong","state":"Assam"}},
{"type":"Feature","geometry":{"type":"Polygon","coordinates":[[[92.395,26.113],[92.529,26.15],[92.753,26.054],[92.869,25.869],[93.065,25.775],[92.821,25.741],[92.661,25.572],[92.444,25.72],[92.152,25.672],[92.164,25.97],[92.274,26.065],[92.395,26.113]]]},"properties":{"id":"west-karbi-anglong-assam","district":"West Karbi Anglong","state":"Assam"}},
{"type":"Feature","geometry":{"type":"Polygon","coordinates":[[[93.456,28.272],[93.679,28.323],[93.84,28.237],[93.855,28.082],[93.962,27.979],[93.89,27.821],[93.543,27.621],[93.514,27.65],[93.618,27.954],[93.461,28.114],[93.456,28.272]]]},"properties":{"id":"kra-daadi-arunachal-pradesh","district":"Kra Daadi","state":"Arunachal Pradesh"}},
{"type":"Feature","geometry":{"type":"Polygon","coordinates":[[[95.874,27.544],[95.774,27.733],[96.024,27.85],[96.209,27.877],[96.311,27.571],[96.062,27.606],[95.874,27.544]]]},"properties":{"id":"namsai-arunachal-pradesh","district":"Namsai","state":"Arunachal Pradesh"}},
{"type":"Feature","geometry":{"type":"Polygon","coordinates":[[[95.369,27.11],[95.377,27.096],[95.367,26.935],[95.496,26.817],[95.427,26.698],[95.234,26.682],[95.196,27.034],[95.369,27.11]]]},"properties":{"id":"longding-arunachal-pradesh","district":"Longding","state":"Arunachal Pradesh"}},
{"type":"Feature","geometry":{"type":"Polygon","coordinates":[[[93.942,24.719],[93.915,24.91],[94.12,24.92],[94.08,24.689],[93.942,24.719]]]},"properties":{"id":"imphal-east-manipur","district":"Imphal East","state":"Manipur"}},
{"type":"Feature","geometry":{"type":"Polygon","coordinates":[[[93.175,24.798],[93.214,24.697],[93.178,24.536],[93.087,24.572],[93.175,24.798]]]},"properties":{"id":"jiribam-manipur","district":"Jiribam","state":"Manipur"}},
{"type":"Feature","geometry":{"type":"Polygon","coordinates":[[[94.167,24.927],[94.173,24.631],[94.12,24.626],[94.08,24.689],[94.12,24.92],[93.915,24.91],[93.769,24.734],[93.737,24.624],[93.757,24.792],[93.817,25.023],[93.773,25.154],[93.921,25.396],[93.997,25.192],[94.214,25.176],[94.132,25.118],[94.167,24.927]]]},"properties":{"id":"kangpokpi-manipur","district":"Kangpokpi","state":"Manipur"}},
{"type":"Feature","geometry":{"type":"Polygon","coordinates":[[[93.913,24.554],[93.942,24.719],[94.08,24.689],[94.12,24.626],[94.023,24.52],[93.913,24.554]]]},"properties":{"id":"thoubal-manipur","district":"Thoubal","state":"Manipur"}},
{"type":"Feature","geometry":{"type":"Polygon","coordinates":[[[94.173,24.631],[94.375,24.494],[94.407,24.437],[94.253,24.114],[94.147,24.382],[94.039,24.448],[94.023,24.52],[94.12,24.626],[94.173,24.631]]]},"properties":{"id":"tengnoupal-manipur","district":"Tengnoupal","state":"Manipur"}},
{"type":"Feature","geometry":{"type":"Polygon","coordinates":[[[94.653,25.115],[94.531,25.034],[94.167,24.927],[94.132,25.118],[94.214,25.176],[94.378,25.357],[94.488,25.605],[94.675,25.445],[94.575,25.214],[94.653,25.115]]]},"properties":{"id":"ukhrul-manipur","district":"Ukhrul","state":"Manipur"}},
{"type":"Feature","geometry":{"type":"Polygon","coordinates":[[[93.214,24.697],[93.407,24.825],[93.757,24.792],[93.737,24.624],[93.734,24.618],[93.389,24.568],[93.178,24.536],[93.214,24.697]]]},"properties":{"id":"noney-manipur","district":"Noney","state":"Manipur"}},
{"type":"Feature","geometry":{"type":"Polygon","coordinates":[[[93.207,24.047],[92.976,24.116],[93.009,24.413],[93.087,24.572],[93.178,24.536],[93.389,24.568],[93.366,24.384],[93.479,24.249],[93.378,24.088],[93.253,24.021],[93.207,24.047]]]},"properties":{"id":"pherzawl-manipur","district":"Pherzawl","state":"Manipur"}},
{"type":"Feature","geometry":{"type":"Polygon","coordinates":[[[95.383,28.312],[95.228,28.156],[95.106,28.263],[95.085,28.526],[94.82,28.569],[94.62,28.794],[94.395,28.932],[94.187,29.039],[94.433,29.227],[94.679,29.327],[94.874,29.183],[95.253,29.109],[95.27,29.05],[95.395,28.53],[95.383,28.312]]]},"properties":{"id":"upper-siang-arunachal-pradesh","district":"Upper Siang","state":"Arunachal Pradesh"}},
{"type":"Feature","geometry":{"type":"Polygon","coordinates":[[[94.318,27.773],[94.595,27.87],[94.747,27.773],[94.901,27.823],[94.893,28.016],[94.929,28.052],[95.068,28.023],[95.137,27.815],[94.852,27.727],[94.462,27.555],[94.213,27.606],[94.318,27.773]]]},"properties":{"id":"lower-siang-arunachal-pradesh","district":"Lower Siang","state":"Arunachal Pradesh"}},
{"type":"Feature","geometry":{"type":"Polygon","coordinates":[[[95.395,28.53],[95.27,29.05],[95.455,29.035],[95.539,29.212],[96.089,29.459],[96.244,29.233],[96.15,29.05],[96.519,28.967],[96.585,28.717],[96.326,28.511],[95.949,28.482],[95.832,28.274],[95.58,28.463],[95.395,28.53]]]},"properties":{"id":"upper-dibang-valley-arunachal-pradesh","district":"Upper Dibang Valley","state":"Arunachal Pradesh"}},
{"type":"Feature","geometry":{"type":"Polygon","coordinates":[[[96.314,28.383],[96.305,28.369],[95.97,27.96],[95.606,27.955],[95.519,27.884],[95.563,28.255],[95.383,28.312],[95.395,28.53],[95.58,28.463],[95.832,28.274],[95.949,28.482],[96.326,28.511],[96.314,28.383]]]},"properties":{"id":"lower-dibang-valley-arunachal-pradesh","district":"Lower Dibang Valley","state":"Arunachal Pradesh"}},
{"type":"Feature","geometry":{"type":"Polygon","coordinates":[[[95.228,28.156],[95.068,28.023],[94.929,28.052],[94.614,28.258],[94.485,28.395],[94.559,28.494],[94.395,28.932],[94.62,28.794],[94.82,28.569],[95.085,28.526],[95.106,28.263],[95.228,28.156]]]},"properties":{"id":"siang-arunachal-pradesh","district":"Siang","state":"Arunachal Pradesh"}},
{"type":"Feature","geometry":{"type":"Polygon","coordinates":[[[94.401,28.339],[94.002,28.578],[93.962,28.713],[93.997,28.841],[94.187,29.039],[94.395,28.932],[94.559,28.494],[94.485,28.395],[94.401,28.339]]]},"properties":{"id":"shi-yomi-arunachal-pradesh","district":"Shi Yomi","state":"Arunachal Pradesh"}},
{"type":"Feature","geometry":{"type":"Polygon","coordinates":[[[93.331,27.355],[93.312,27.173],[93.398,26.957],[93.061,26.922],[92.887,27],[92.656,27.008],[92.615,27.143],[92.809,27.177],[93.331,27.355]]]},"properties":{"id":"pakke-kessang-arunachal-pradesh","district":"Pakke Kessang","state":"Arunachal Pradesh"}},
{"type":"Feature","geometry":{"type":"Polygon","coordinates":[[[94.485,28.021],[94.357,28.199],[94.401,28.339],[94.485,28.395],[94.614,28.258],[94.929,28.052],[94.893,28.016],[94.603,28.061],[94.485,28.021]]]},"properties":{"id":"west-siang-arunachal-pradesh","district":"West Siang","state":"Arunachal Pradesh"}},
{"type":"Feature","geometry":{"type":"Polygon","coordinates":[[[94.595,27.87],[94.485,28.021],[94.603,28.061],[94.893,28.016],[94.901,27.823],[94.747,27.773],[94.595,27.87]]]},"properties":{"id":"lepa-rada-arunachal-pradesh","district":"Lepa Rada","state":"Arunachal Pradesh"}},
{"type":"Feature","geometry":{"type":"Polygon","coordinates":[[[93.962,27.979],[94.318,27.773],[94.213,27.606],[94.266,27.52],[94.219,27.505],[93.942,27.511],[93.89,27.821],[93.962,27.979]]]},"properties":{"id":"kamle-arunachal-pradesh","district":"Kamle","state":"Arunachal Pradesh"}},
{"type":"Feature","geometry":{"type":"Polygon","coordinates":[[[92.873,12.331],[92.699,12.329],[92.745,12.723],[92.794,12.862],[92.841,13.391],[93.043,13.529],[93.034,13.082],[92.912,13.054],[92.974,12.543],[92.873,12.331]]]},"properties":{"id":"north-and-middle-andaman-andaman-and-nicobar-islands","district":"North and Middle Andaman","state":"Andaman and Nicobar Islands"}},
{"type":"Feature","geometry":{"type":"MultiPolygon","coordinates":[[[[92.52,10.898],[92.597,10.682],[92.433,10.551],[92.378,10.782],[92.52,10.898]]],[[[92.756,12.177],[92.707,11.974],[92.791,11.886],[92.751,11.61],[92.665,11.505],[92.551,11.72],[92.623,12.102],[92.756,12.177]]]]},"properties":{"id":"south-andaman-andaman-and-nicobar-islands","district":"South Andaman","state":"Andaman and Nicobar Islands"}},
{"type":"Feature","geometry":{"type":"Polygon","coordinates":[[[93.837,7.241],[93.915,6.949],[93.8,6.766],[93.646,7.127],[93.837,7.241]]]},"properties":{"id":"nicobars-andaman-and-nicobar-islands","district":"Nicobars","state":"Andaman and Nicobar Islands"}},
{"type":"Feature","geometry":{"type":"Polygon","coordinates":[[[78.072,29.083],[78.386,29.021],[78.533,29.065],[78.623,28.806],[78.407,28.782],[78.412,28.463],[78.305,28.438],[78.21,28.626],[78.121,28.878],[78.072,29.083]]]},"properties":{"id":"amroha-uttar-pradesh","district":"Amroha","state":"Uttar Pradesh"}},
{"type":"Feature","geometry":{"type":"Polygon","coordinates":[[[75.474,28.926],[75.561,28.613],[75.67,28.519],[75.5,28.336],[75.248,28.464],[75.025,28.203],[74.887,28.189],[74.736,27.891],[74.717,27.678],[74.341,27.682],[74.196,27.499],[73.875,27.538],[73.867,27.779],[74.226,27.817],[74.294,28.145],[74.197,28.331],[74.028,28.376],[74.08,28.67],[74.161,28.776],[74.419,28.885],[74.476,28.815],[74.749,28.853],[74.803,28.929],[75.219,28.866],[75.474,28.926]]]},"properties":{"id":"churu-rajasthan","district":"Churu","state":"Rajasthan"}},
{"type":"Feature","geometry":{"type":"Polygon","coordinates":[[[78.121,28.878],[78.21,28.626],[77.962,28.716],[77.684,28.558],[77.566,28.652],[77.69,28.745],[78.121,28.878]]]},"properties":{"id":"hapur-uttar-pradesh","district":"Hapur","state":"Uttar Pradesh"}},
{"type":"Feature","geometry":{"type":"Polygon","coordinates":[[[77.341,28.61],[77.348,28.52],[77.175,28.405],[77.007,28.541],[76.884,28.503],[76.942,28.798],[77.216,28.853],[77.222,28.831],[77.341,28.61]]]},"properties":{"id":"delhi-delhi","district":"Delhi","state":"Delhi"}},
{"type":"Feature","geometry":{"type":"Polygon","coordinates":[[[76.884,28.809],[76.942,28.798],[76.884,28.503],[76.669,28.379],[76.292,28.468],[76.422,28.702],[76.884,28.809]]]},"properties":{"id":"jhajjar-haryana","district":"Jhajjar","state":"Haryana"}},
{"type":"Feature","geometry":{"type":"Polygon","coordinates":[[[79.683,28.855],[79.621,28.643],[79.782,28.504],[79.703,28.257],[79.504,28.016],[79.424,28.174],[79.102,28.221],[78.972,28.422],[79.206,28.571],[79.423,28.897],[79.683,28.855]]]},"properties":{"id":"bareilly-uttar-pradesh","district":"Bareilly","state":"Uttar Pradesh"}},
{"type":"Feature","geometry":{"type":"Polygon","coordinates":[[[79.703,28.257],[79.782,28.504],[79.621,28.643],[79.683,28.855],[79.82,28.888],[79.955,28.723],[80.065,28.837],[80.314,28.629],[80.447,28.518],[80.359,28.329],[79.985,28.281],[79.797,28.159],[79.703,28.257]]]},"properties":{"id":"pilibhit-uttar-pradesh","district":"Pilibhit","state":"Uttar Pradesh"}},
{"type":"Feature","geometry":{"type":"Polygon","coordinates":[[[78.21,28.626],[78.305,28.438],[78.312,28.274],[78.479,28.112],[78.34,28.147],[78.179,28.076],[78.031,28.129],[77.733,28.129],[77.634,28.427],[77.684,28.558],[77.962,28.716],[78.21,28.626]]]},"properties":{"id":"bulandshahr-uttar-pradesh","district":"Bulandshahr","state":"Uttar Pradesh"}},
{"type":"Feature","geometry":{"type":"Polygon","coordinates":[[[77.566,28.652],[77.684,28.558],[77.634,28.427],[77.733,28.129],[77.476,28.085],[77.5,28.206],[77.505,28.371],[77.348,28.52],[77.341,28.61],[77.566,28.652]]]},"properties":{"id":"gautam-buddha-nagar-uttar-pradesh","district":"Gautam Buddha Nagar","state":"Uttar Pradesh"}},
{"type":"Feature","geometry":{"type":"Polygon","coordinates":[[[80.359,28.329],[80.447,28.518],[80.314,28.629],[80.553,28.691],[80.715,28.569],[81.053,28.405],[81.041,28.285],[81.305,27.907],[81.282,27.682],[81.18,27.785],[80.826,27.79],[80.641,27.839],[80.311,27.681],[80.06,27.76],[80.03,27.902],[80.255,28.09],[80.359,28.329]]]},"properties":{"id":"lakhimpur-kheri-uttar-pradesh","district":"Lakhimpur Kheri","state":"Uttar Pradesh"}},
{"type":"Feature","geometry":{"type":"Polygon","coordinates":[[[75.025,28.203],[75.248,28.464],[75.5,28.336],[75.67,28.519],[75.893,28.39],[76.055,28.221],[75.933,27.928],[75.768,27.83],[75.687,27.679],[75.428,27.642],[75.285,27.719],[75.025,28.203]]]},"properties":{"id":"jhunjhunu-rajasthan","district":"Jhunjhunu","state":"Rajasthan"}},
{"type":"Feature","geometry":{"type":"Polygon","coordinates":[[[76.669,28.379],[76.884,28.503],[77.007,28.541],[77.175,28.405],[77.224,28.266],[77.192,28.208],[76.858,28.229],[76.678,28.263],[76.669,28.379]]]},"properties":{"id":"gurugram-haryana","district":"Gurugram","state":"Haryana"}},
{"type":"Feature","geometry":{"type":"Polygon","coordinates":[[[77.348,28.52],[77.505,28.371],[77.5,28.206],[77.224,28.266],[77.175,28.405],[77.348,28.52]]]},"properties":{"id":"faridabad-haryana","district":"Faridabad","state":"Haryana"}},
{"type":"Feature","geometry":{"type":"Polygon","coordinates":[[[75.933,27.928],[76.055,28.221],[75.893,28.39],[75.906,28.433],[76.285,28.43],[76.367,28.323],[76.312,28.178],[76.159,27.998],[76.225,27.833],[76.077,27.841],[75.933,27.928]]]},"properties":{"id":"mahendragarh-haryana","district":"Mahendragarh","state":"Haryana"}},
{"type":"Feature","geometry":{"type":"Polygon","coordinates":[[[76.292,28.468],[76.669,28.379],[76.678,28.263],[76.858,28.229],[76.854,28.221],[76.543,28.034],[76.312,28.178],[76.367,28.323],[76.285,28.43],[76.292,28.468]]]},"properties":{"id":"rewari-haryana","district":"Rewari","state":"Haryana"}},
{"type":"Feature","geometry":{"type":"Polygon","coordinates":[[[78.972,28.422],[79.102,28.221],[79.424,28.174],[79.504,28.016],[79.351,27.659],[79.184,27.714],[79.097,27.83],[78.608,28.019],[78.579,28.063],[78.652,28.318],[78.872,28.468],[78.939,28.46],[78.972,28.422]]]},"properties":{"id":"budaun-uttar-pradesh","district":"Budaun","state":"Uttar Pradesh"}},
{"type":"Feature","geometry":{"type":"Polygon","coordinates":[[[71.881,27.914],[72.139,27.88],[72.243,27.484],[72.049,27.616],[71.809,27.441],[72.102,26.887],[72.038,26.681],[72.064,26.351],[71.893,26.298],[71.635,26.405],[71.573,26.506],[71.327,26.421],[71.212,26.443],[71.05,26.139],[70.94,26.079],[70.654,26.196],[70.362,26.142],[70.14,26.156],[70.174,26.552],[69.887,26.579],[69.51,26.743],[69.514,27.01],[69.587,27.184],[70.026,27.562],[70.133,27.806],[70.371,28.012],[70.507,28.037],[70.677,27.921],[70.758,27.722],[70.907,27.709],[71.205,27.836],[71.881,27.914]]]},"properties":{"id":"jaisalmer-rajasthan","district":"Jaisalmer","state":"Rajasthan"}},
{"type":"Feature","geometry":{"type":"Polygon","coordinates":[[[81.282,27.682],[81.305,27.907],[81.041,28.285],[81.053,28.405],[81.213,28.358],[81.32,28.197],[81.742,27.953],[81.645,27.775],[81.681,27.572],[81.981,27.434],[81.814,27.265],[81.515,27.084],[81.412,27.334],[81.265,27.591],[81.282,27.682]]]},"properties":{"id":"bahraich-uttar-pradesh","district":"Bahraich","state":"Uttar Pradesh"}},
{"type":"Feature","geometry":{"type":"Polygon","coordinates":[[[76.858,28.229],[77.192,28.208],[77.158,27.949],[77.344,27.85],[77.283,27.799],[77.045,27.821],[76.977,27.654],[76.942,27.843],[76.97,28.138],[76.854,28.221],[76.858,28.229]]]},"properties":{"id":"nuh-haryana","district":"Nuh","state":"Haryana"}},
{"type":"Feature","geometry":{"type":"Polygon","coordinates":[[[79.504,28.016],[79.703,28.257],[79.797,28.159],[79.985,28.281],[80.359,28.329],[80.255,28.09],[80.03,27.902],[80.06,27.76],[79.862,27.649],[79.686,27.638],[79.736,27.445],[79.591,27.598],[79.351,27.659],[79.504,28.016]]]},"properties":{"id":"shahjahanpur-uttar-pradesh","district":"Shahjahanpur","state":"Uttar Pradesh"}},
{"type":"Feature","geometry":{"type":"Polygon","coordinates":[[[74.717,27.678],[74.736,27.891],[74.887,28.189],[75.025,28.203],[75.285,27.719],[75.428,27.642],[75.687,27.679],[75.768,27.83],[75.933,27.928],[76.077,27.841],[75.941,27.619],[75.918,27.451],[75.6,27.301],[75.392,27.279],[75.315,27.144],[75.069,27.216],[74.899,27.331],[74.717,27.678]]]},"properties":{"id":"sikar-rajasthan","district":"Sikar","state":"Rajasthan"}},
{"type":"Feature","geometry":{"type":"Polygon","coordinates":[[[77.5,28.206],[77.476,28.085],[77.53,27.927],[77.344,27.85],[77.158,27.949],[77.192,28.208],[77.224,28.266],[77.5,28.206]]]},"properties":{"id":"palwal-haryana","district":"Palwal","state":"Haryana"}},
{"type":"Feature","geometry":{"type":"Polygon","coordinates":[[[76.225,27.833],[76.159,27.998],[76.312,28.178],[76.543,28.034],[76.854,28.221],[76.97,28.138],[76.942,27.843],[76.977,27.654],[77.146,27.32],[76.956,27.143],[76.28,27.065],[76.117,27.234],[76.237,27.474],[76.225,27.833]]]},"properties":{"id":"alwar-rajasthan","district":"Alwar","state":"Rajasthan"}},
{"type":"Feature","geometry":{"type":"Polygon","coordinates":[[[88.483,27.375],[88.281,27.513],[88.115,27.619],[88.205,27.942],[88.619,28.098],[88.844,27.993],[88.849,27.668],[88.794,27.417],[88.483,27.375]]]},"properties":{"id":"north-sikkim-sikkim","district":"North Sikkim","state":"Sikkim"}},
{"type":"Feature","geometry":{"type":"Polygon","coordinates":[[[77.733,28.129],[78.031,28.129],[78.179,28.076],[78.34,28.147],[78.479,28.112],[78.579,28.063],[78.608,28.019],[78.475,27.808],[78.241,27.665],[78.135,27.773],[77.9,27.579],[77.8,27.701],[77.765,27.903],[77.53,27.927],[77.476,28.085],[77.733,28.129]]]},"properties":{"id":"aligarh-uttar-pradesh","district":"Aligarh","state":"Uttar Pradesh"}},
{"type":"Feature","geometry":{"type":"Polygon","coordinates":[[[78.608,28.019],[79.097,27.83],[79.184,27.714],[79.216,27.579],[78.886,27.587],[78.6,27.771],[78.511,27.741],[78.475,27.808],[78.608,28.019]]]},"properties":{"id":"kasganj-uttar-pradesh","district":"Kasganj","state":"Uttar Pradesh"}},
{"type":"Feature","geometry":{"type":"Polygon","coordinates":[[[77.283,27.799],[77.344,27.85],[77.53,27.927],[77.765,27.903],[77.8,27.701],[77.9,27.579],[77.887,27.338],[77.982,27.326],[77.646,27.242],[77.34,27.527],[77.283,27.799]]]},"properties":{"id":"mathura-uttar-pradesh","district":"Mathura","state":"Uttar Pradesh"}},
{"type":"Feature","geometry":{"type":"Polygon","coordinates":[[[76.077,27.841],[76.225,27.833],[76.237,27.474],[76.117,27.234],[76.28,27.065],[76.144,26.695],[76.153,26.522],[75.814,26.52],[75.708,26.446],[75.366,26.489],[75.167,26.464],[74.964,26.684],[74.974,26.891],[75.161,26.933],[75.315,27.144],[75.392,27.279],[75.6,27.301],[75.918,27.451],[75.941,27.619],[76.077,27.841]]]},"properties":{"id":"jaipur-rajasthan","district":"Jaipur","state":"Rajasthan"}},
{"type":"Feature","geometry":{"type":"Polygon","coordinates":[[[81.981,27.434],[81.681,27.572],[81.645,27.775],[81.742,27.953],[81.885,27.856],[82.07,27.924],[82.207,27.844],[82.022,27.58],[82.074,27.401],[81.981,27.434]]]},"properties":{"id":"shrawasti-uttar-pradesh","district":"Shrawasti","state":"Uttar Pradesh"}},
{"type":"Feature","geometry":{"type":"Polygon","coordinates":[[[72.064,26.351],[72.038,26.681],[72.102,26.887],[71.809,27.441],[72.049,27.616],[72.243,27.484],[72.554,27.62],[72.656,27.536],[73.133,27.308],[73.121,26.941],[73.203,26.868],[73.593,26.864],[73.72,26.539],[73.87,26.429],[73.811,26.357],[73.811,26.111],[73.627,26.145],[73.307,26.031],[73.193,26.069],[72.835,25.864],[72.621,25.974],[72.69,26.186],[72.459,26.3],[72.268,26.197],[72.064,26.351]]]},"properties":{"id":"jodhpur-rajasthan","district":"Jodhpur","state":"Rajasthan"}},
{"type":"Feature","geometry":{"type":"Polygon","coordinates":[[[80.311,27.681],[80.641,27.839],[80.826,27.79],[81.18,27.785],[81.282,27.682],[81.265,27.591],[81.412,27.334],[80.93,27.158],[80.826,27.102],[80.797,27.199],[80.518,27.268],[80.325,27.522],[80.311,27.681]]]},"properties":{"id":"sitapur-uttar-pradesh","district":"Sitapur","state":"Uttar Pradesh"}},
{"type":"Feature","geometry":{"type":"Polygon","coordinates":[[[76.977,27.654],[77.045,27.821],[77.283,27.799],[77.34,27.527],[77.646,27.242],[77.551,27.111],[77.661,26.971],[77.398,26.831],[77.455,26.743],[77.348,26.711],[77.097,26.863],[76.956,27.143],[77.146,27.32],[76.977,27.654]]]},"properties":{"id":"bharatpur-rajasthan","district":"Bharatpur","state":"Rajasthan"}},
{"type":"Feature","geometry":{"type":"Polygon","coordinates":[[[77.9,27.579],[78.135,27.773],[78.241,27.665],[78.475,27.808],[78.511,27.741],[78.415,27.58],[78.204,27.502],[78.198,27.407],[77.982,27.326],[77.887,27.338],[77.9,27.579]]]},"properties":{"id":"hathras-uttar-pradesh","district":"Hathras","state":"Uttar Pradesh"}},
{"type":"Feature","geometry":{"type":"Polygon","coordinates":[[[73.875,27.538],[74.196,27.499],[74.341,27.682],[74.717,27.678],[74.899,27.331],[75.069,27.216],[75.315,27.144],[75.161,26.933],[74.974,26.891],[74.852,26.979],[74.67,26.596],[74.291,26.449],[73.87,26.429],[73.72,26.539],[73.593,26.864],[73.203,26.868],[73.121,26.941],[73.133,27.308],[73.358,27.26],[73.544,27.495],[73.875,27.538]]]},"properties":{"id":"nagaur-rajasthan","district":"Nagaur","state":"Rajasthan"}},
{"type":"Feature","geometry":{"type":"Polygon","coordinates":[[[78.511,27.741],[78.6,27.771],[78.886,27.587],[79.216,27.579],[79.254,27.329],[78.938,27.432],[78.718,27.344],[78.597,27.509],[78.491,27.388],[78.29,27.386],[78.198,27.407],[78.204,27.502],[78.415,27.58],[78.511,27.741]]]},"properties":{"id":"etah-uttar-pradesh","district":"Etah","state":"Uttar Pradesh"}},
{"type":"Feature","geometry":{"type":"Polygon","coordinates":[[[80.06,27.76],[80.311,27.681],[80.325,27.522],[80.518,27.268],[80.797,27.199],[80.826,27.102],[80.55,27.014],[80.363,26.922],[80.308,27.026],[80.044,26.924],[80.013,26.956],[79.929,27.143],[79.722,27.221],[79.736,27.445],[79.686,27.638],[79.862,27.649],[80.06,27.76]]]},"properties":{"id":"hardoi-uttar-pradesh","district":"Hardoi","state":"Uttar Pradesh"}},
{"type":"Feature","geometry":{"type":"Polygon","coordinates":[[[79.184,27.714],[79.351,27.659],[79.591,27.598],[79.736,27.445],[79.722,27.221],[79.669,27.166],[79.394,27.197],[79.254,27.329],[79.216,27.579],[79.184,27.714]]]},"properties":{"id":"farrukhabad-uttar-pradesh","district":"Farrukhabad","state":"Uttar Pradesh"}},
{"type":"Feature","geometry":{"type":"Polygon","coordinates":[[[88.115,27.619],[88.281,27.513],[88.281,27.132],[88.038,27.22],[88.044,27.478],[88.115,27.619]]]},"properties":{"id":"west-sikkim-sikkim","district":"West Sikkim","state":"Sikkim"}},
{"type":"Feature","geometry":{"type":"Polygon","coordinates":[[[88.281,27.513],[88.483,27.375],[88.532,27.176],[88.425,27.071],[88.281,27.132],[88.281,27.513]]]},"properties":{"id":"south-sikkim-sikkim","district":"South Sikkim","state":"Sikkim"}},
{"type":"Feature","geometry":{"type":"Polygon","coordinates":[[[88.483,27.375],[88.794,27.417],[88.919,27.32],[88.722,27.139],[88.532,27.176],[88.483,27.375]]]},"properties":{"id":"east-sikkim-sikkim","district":"East Sikkim","state":"Sikkim"}},
{"type":"Feature","geometry":{"type":"Polygon","coordinates":[[[78.29,27.386],[78.491,27.388],[78.597,27.509],[78.718,27.344],[78.809,26.957],[78.739,26.92],[78.672,26.88],[78.195,27.191],[78.29,27.386]]]},"properties":{"id":"firozabad-uttar-pradesh","district":"Firozabad","state":"Uttar Pradesh"}},
{"type":"Feature","geometry":{"type":"Polygon","coordinates":[[[84.503,26.603],[84.419,26.632],[84.259,26.805],[84.061,26.887],[84.05,27.044],[83.908,27.275],[83.862,27.335],[84.097,27.517],[84.279,27.395],[84.62,27.34],[84.689,27.221],[84.642,27.048],[84.758,27.003],[84.678,26.913],[84.727,26.743],[84.503,26.603]]]},"properties":{"id":"west-champaran-bihar","district":"West Champaran","state":"Bihar"}},
{"type":"Feature","geometry":{"type":"Polygon","coordinates":[[[83.148,27.114],[83.12,27.1],[82.905,27.004],[82.764,27.111],[82.559,27.082],[82.457,27.151],[82.493,27.359],[82.732,27.487],[83.189,27.454],[83.292,27.335],[83.148,27.114]]]},"properties":{"id":"siddharthnagar-uttar-pradesh","district":"Siddharthnagar","state":"Uttar Pradesh"}},
{"type":"Feature","geometry":{"type":"Polygon","coordinates":[[[78.718,27.344],[78.938,27.432],[79.254,27.329],[79.394,27.197],[79.325,26.96],[79.18,27.006],[78.809,26.957],[78.718,27.344]]]},"properties":{"id":"mainpuri-uttar-pradesh","district":"Mainpuri","state":"Uttar Pradesh"}},
{"type":"Feature","geometry":{"type":"Polygon","coordinates":[[[83.862,27.335],[83.908,27.275],[83.818,27.241],[83.724,26.952],[83.545,26.889],[83.389,27.082],[83.148,27.114],[83.292,27.335],[83.395,27.48],[83.614,27.469],[83.862,27.335]]]},"properties":{"id":"maharajganj-uttar-pradesh","district":"Maharajganj","state":"Uttar Pradesh"}},
{"type":"Feature","geometry":{"type":"Polygon","coordinates":[[[77.646,27.242],[77.982,27.326],[78.198,27.407],[78.29,27.386],[78.195,27.191],[78.672,26.88],[78.739,26.92],[78.78,26.769],[78.545,26.764],[78.358,26.869],[78.222,26.832],[78.149,26.949],[77.987,26.889],[77.76,26.933],[77.455,26.743],[77.398,26.831],[77.661,26.971],[77.551,27.111],[77.646,27.242]]]},"properties":{"id":"agra-uttar-pradesh","district":"Agra","state":"Uttar Pradesh"}},
{"type":"Feature","geometry":{"type":"Polygon","coordinates":[[[81.515,27.084],[81.814,27.265],[81.981,27.434],[82.074,27.401],[82.457,27.151],[82.559,27.082],[82.489,26.904],[82.316,26.978],[82.229,26.812],[81.976,26.781],[81.749,26.868],[81.515,27.084]]]},"properties":{"id":"gonda-uttar-pradesh","district":"Gonda","state":"Uttar Pradesh"}},
{"type":"Feature","geometry":{"type":"Polygon","coordinates":[[[81.412,27.334],[81.515,27.084],[81.749,26.868],[81.642,26.823],[81.559,26.641],[81.345,26.544],[81.161,26.588],[81.216,26.707],[80.93,27.158],[81.412,27.334]]]},"properties":{"id":"barabanki-uttar-pradesh","district":"Barabanki","state":"Uttar Pradesh"}},
{"type":"Feature","geometry":{"type":"Polygon","coordinates":[[[88.038,27.22],[88.281,27.132],[88.425,27.071],[88.479,26.88],[88.401,26.644],[88.333,26.497],[88.24,26.458],[88.11,26.548],[88.186,26.772],[87.992,27.109],[88.038,27.22]]]},"properties":{"id":"darjeeling-west-bengal","district":"Darjeeling","state":"West Bengal"}},
{"type":"Feature","geometry":{"type":"Polygon","coordinates":[[[76.28,27.065],[76.956,27.143],[77.097,26.863],[76.901,26.971],[76.474,26.717],[76.412,26.416],[76.175,26.486],[76.153,26.522],[76.144,26.695],[76.28,27.065]]]},"properties":{"id":"dausa-rajasthan","district":"Dausa","state":"Rajasthan"}},
{"type":"Feature","geometry":{"type":"Polygon","coordinates":[[[83.908,27.275],[84.05,27.044],[84.061,26.887],[84.259,26.805],[84.419,26.632],[84.113,26.63],[84.052,26.552],[83.84,26.759],[83.628,26.662],[83.545,26.889],[83.724,26.952],[83.818,27.241],[83.908,27.275]]]},"properties":{"id":"kushinagar-uttar-pradesh","district":"Kushinagar","state":"Uttar Pradesh"}},
{"type":"Feature","geometry":{"type":"Polygon","coordinates":[[[79.722,27.221],[79.929,27.143],[80.013,26.956],[79.897,26.817],[79.756,26.794],[79.6,26.893],[79.346,26.93],[79.325,26.96],[79.394,27.197],[79.669,27.166],[79.722,27.221]]]},"properties":{"id":"kannauj-uttar-pradesh","district":"Kannauj","state":"Uttar Pradesh"}},
{"type":"Feature","geometry":{"type":"Polygon","coordinates":[[[80.826,27.102],[80.93,27.158],[81.216,26.707],[81.161,26.588],[80.999,26.533],[80.842,26.666],[80.55,27.014],[80.826,27.102]]]},"properties":{"id":"lucknow-uttar-pradesh","district":"Lucknow","state":"Uttar Pradesh"}},
{"type":"Feature","geometry":{"type":"Polygon","coordinates":[[[88.401,26.644],[88.479,26.88],[88.868,26.966],[89.09,26.841],[89.043,26.632],[89.119,26.524],[88.962,26.538],[88.76,26.329],[88.42,26.563],[88.401,26.644]]]},"properties":{"id":"jalpaiguri-west-bengal","district":"Jalpaiguri","state":"West Bengal"}},
{"type":"Feature","geometry":{"type":"Polygon","coordinates":[[[82.559,27.082],[82.764,27.111],[82.905,27.004],[82.819,26.568],[82.473,26.652],[82.229,26.812],[82.316,26.978],[82.489,26.904],[82.559,27.082]]]},"properties":{"id":"basti-uttar-pradesh","district":"Basti","state":"Uttar Pradesh"}},
{"type":"Feature","geometry":{"type":"Polygon","coordinates":[[[83.12,27.1],[83.148,27.114],[83.389,27.082],[83.545,26.889],[83.628,26.662],[83.506,26.417],[83.629,26.219],[83.467,26.276],[83.132,26.385],[83.071,26.41],[83.155,26.539],[83.097,26.806],[83.224,26.981],[83.12,27.1]]]},"properties":{"id":"gorakhpur-uttar-pradesh","district":"Gorakhpur","state":"Uttar Pradesh"}},
{"type":"Feature","geometry":{"type":"Polygon","coordinates":[[[82.905,27.004],[83.12,27.1],[83.224,26.981],[83.097,26.806],[83.155,26.539],[83.071,26.41],[82.819,26.568],[82.905,27.004]]]},"properties":{"id":"sant-kabir-nagar-uttar-pradesh","district":"Sant Kabir Nagar","state":"Uttar Pradesh"}},
{"type":"Feature","geometry":{"type":"Polygon","coordinates":[[[77.097,26.863],[77.348,26.711],[77.228,26.53],[77.375,26.365],[77.12,26.214],[76.852,26.032],[76.601,26.336],[76.97,26.552],[76.757,26.568],[76.474,26.717],[76.901,26.971],[77.097,26.863]]]},"properties":{"id":"karauli-rajasthan","district":"Karauli","state":"Rajasthan"}},
{"type":"Feature","geometry":{"type":"Polygon","coordinates":[[[84.503,26.603],[84.727,26.743],[84.678,26.913],[84.758,27.003],[85.192,26.869],[85.255,26.754],[85.266,26.647],[85.179,26.487],[85.29,26.354],[85.045,26.342],[84.865,26.26],[84.503,26.603]]]},"properties":{"id":"east-champaran-bihar","district":"East Champaran","state":"Bihar"}},
{"type":"Feature","geometry":{"type":"Polygon","coordinates":[[[80.044,26.924],[80.308,27.026],[80.363,26.922],[80.55,27.014],[80.842,26.666],[80.999,26.533],[81.05,26.376],[80.674,26.123],[80.591,26.232],[80.31,26.542],[80.247,26.688],[80.044,26.924]]]},"properties":{"id":"unnao-uttar-pradesh","district":"Unnao","state":"Uttar Pradesh"}},
{"type":"Feature","geometry":{"type":"Polygon","coordinates":[[[78.739,26.92],[78.809,26.957],[79.18,27.006],[79.325,26.96],[79.346,26.93],[79.319,26.659],[79.215,26.436],[79.135,26.44],[79.007,26.671],[78.78,26.769],[78.739,26.92]]]},"properties":{"id":"etawah-uttar-pradesh","district":"Etawah","state":"Uttar Pradesh"}},
{"type":"Feature","geometry":{"type":"Polygon","coordinates":[[[77.348,26.711],[77.455,26.743],[77.76,26.933],[77.987,26.889],[78.149,26.949],[78.222,26.832],[78.089,26.676],[77.904,26.659],[77.539,26.412],[77.375,26.365],[77.228,26.53],[77.348,26.711]]]},"properties":{"id":"dholpur-rajasthan","district":"Dholpur","state":"Rajasthan"}},
{"type":"Feature","geometry":{"type":"Polygon","coordinates":[[[80.013,26.956],[80.044,26.924],[80.247,26.688],[80.31,26.542],[80.591,26.232],[80.325,26.115],[80.236,25.926],[79.956,26.078],[79.962,26.149],[80.177,26.344],[80.134,26.571],[80.022,26.61],[79.897,26.817],[80.013,26.956]]]},"properties":{"id":"kanpur-nagar-uttar-pradesh","district":"Kanpur Nagar","state":"Uttar Pradesh"}},
{"type":"Feature","geometry":{"type":"Polygon","coordinates":[[[79.346,26.93],[79.6,26.893],[79.756,26.794],[79.507,26.365],[79.215,26.436],[79.319,26.659],[79.346,26.93]]]},"properties":{"id":"auraiya-uttar-pradesh","district":"Auraiya","state":"Uttar Pradesh"}},
{"type":"Feature","geometry":{"type":"Polygon","coordinates":[[[78.222,26.832],[78.358,26.869],[78.545,26.764],[78.368,26.571],[78.216,26.53],[78.257,26.329],[77.815,26.255],[77.744,26.161],[77.696,25.902],[77.643,25.899],[77.426,26.123],[77.253,26.087],[77.12,26.214],[77.375,26.365],[77.539,26.412],[77.904,26.659],[78.089,26.676],[78.222,26.832]]]},"properties":{"id":"morena-madhya-pradesh","district":"Morena","state":"Madhya Pradesh"}},
{"type":"Feature","geometry":{"type":"Polygon","coordinates":[[[70.14,26.156],[70.362,26.142],[70.654,26.196],[70.94,26.079],[71.05,26.139],[71.212,26.443],[71.327,26.421],[71.573,26.506],[71.635,26.405],[71.893,26.298],[72.064,26.351],[72.268,26.197],[72.459,26.3],[72.69,26.186],[72.621,25.974],[72.835,25.864],[72.778,25.804],[72.676,25.613],[72.321,25.389],[72.032,25.474],[71.916,25.346],[71.79,25.078],[71.339,24.939],[71.188,24.651],[71.112,24.675],[70.937,24.939],[70.888,25.148],[70.665,25.397],[70.674,25.676],[70.269,25.713],[70.099,25.939],[70.14,26.156]]]},"properties":{"id":"barmer-rajasthan","district":"Barmer","state":"Rajasthan"}},
{"type":"Feature","geometry":{"type":"Polygon","coordinates":[[[81.749,26.868],[81.976,26.781],[82.229,26.812],[82.473,26.652],[82.336,26.578],[82.223,26.41],[81.94,26.508],[81.698,26.544],[81.559,26.641],[81.642,26.823],[81.749,26.868]]]},"properties":{"id":"ayodhya-uttar-pradesh","district":"Ayodhya","state":"Uttar Pradesh"}},
{"type":"Feature","geometry":{"type":"Polygon","coordinates":[[[79.756,26.794],[79.897,26.817],[80.022,26.61],[80.134,26.571],[80.177,26.344],[79.962,26.149],[79.917,26.09],[79.553,26.27],[79.507,26.365],[79.756,26.794]]]},"properties":{"id":"kanpur-dehat-uttar-pradesh","district":"Kanpur Dehat","state":"Uttar Pradesh"}},
{"type":"Feature","geometry":{"type":"Polygon","coordinates":[[[78.545,26.764],[78.78,26.769],[79.007,26.671],[79.135,26.44],[78.994,26.197],[78.938,25.952],[78.886,25.913],[78.627,26.157],[78.412,26.296],[78.257,26.329],[78.216,26.53],[78.368,26.571],[78.545,26.764]]]},"properties":{"id":"bhind-madhya-pradesh","district":"Bhind","state":"Madhya Pradesh"}},
{"type":"Feature","geometry":{"type":"Polygon","coordinates":[[[76.175,26.486],[76.412,26.416],[76.474,26.717],[76.757,26.568],[76.97,26.552],[76.601,26.336],[76.852,26.032],[76.788,25.944],[76.546,25.838],[76.357,25.741],[76.312,25.814],[76.21,25.86],[75.994,26.116],[76.101,26.241],[76.175,26.486]]]},"properties":{"id":"sawai-madhopur-rajasthan","district":"Sawai Madhopur","state":"Rajasthan"}},
{"type":"Feature","geometry":{"type":"Polygon","coordinates":[[[83.628,26.662],[83.84,26.759],[84.052,26.552],[84.157,26.376],[84.056,26.1],[83.859,26.185],[83.629,26.219],[83.506,26.417],[83.628,26.662]]]},"properties":{"id":"deoria-uttar-pradesh","district":"Deoria","state":"Uttar Pradesh"}},
{"type":"Feature","geometry":{"type":"Polygon","coordinates":[[[85.266,26.647],[85.255,26.754],[85.544,26.838],[85.729,26.809],[85.816,26.6],[85.767,26.436],[85.705,26.303],[85.504,26.381],[85.376,26.337],[85.266,26.647]]]},"properties":{"id":"sitamarhi-bihar","district":"Sitamarhi","state":"Bihar"}},
{"type":"Feature","geometry":{"type":"Polygon","coordinates":[[[75.167,26.464],[75.366,26.489],[75.708,26.446],[75.814,26.52],[76.153,26.522],[76.175,26.486],[76.101,26.241],[75.994,26.116],[76.21,25.86],[76.312,25.814],[76.138,25.785],[75.863,25.875],[75.655,25.749],[75.459,25.723],[75.317,25.767],[75.112,26.288],[75.167,26.464]]]},"properties":{"id":"tonk-rajasthan","district":"Tonk","state":"Rajasthan"}},
{"type":"Feature","geometry":{"type":"Polygon","coordinates":[[[85.29,26.354],[85.179,26.487],[85.266,26.647],[85.376,26.337],[85.29,26.354]]]},"properties":{"id":"sheohar-bihar","district":"Sheohar","state":"Bihar"}},
{"type":"Feature","geometry":{"type":"Polygon","coordinates":[[[81.94,26.508],[82.223,26.41],[82.398,26.3],[82.678,26.256],[82.678,26.152],[82.579,26.186],[82.434,26.006],[82.048,26.058],[82.05,26.149],[81.853,26.284],[81.94,26.508]]]},"properties":{"id":"sultanpur-uttar-pradesh","district":"Sultanpur","state":"Uttar Pradesh"}},
{"type":"Feature","geometry":{"type":"Polygon","coordinates":[[[72.835,25.864],[73.193,26.069],[73.307,26.031],[73.627,26.145],[73.811,26.111],[73.811,26.357],[73.87,26.429],[74.291,26.449],[74.367,26.192],[74.181,26.032],[74.107,25.856],[74.054,25.83],[73.908,25.684],[73.742,25.393],[73.488,25.104],[73.147,24.748],[72.992,24.921],[73.109,25.04],[72.936,25.242],[73.092,25.467],[72.778,25.804],[72.835,25.864]]]},"properties":{"id":"pali-rajasthan","district":"Pali","state":"Rajasthan"}},
{"type":"Feature","geometry":{"type":"Polygon","coordinates":[[[84.419,26.632],[84.503,26.603],[84.865,26.26],[84.897,26.215],[84.766,26.21],[84.654,26.299],[84.157,26.376],[84.052,26.552],[84.113,26.63],[84.419,26.632]]]},"properties":{"id":"gopalganj-bihar","district":"Gopalganj","state":"Bihar"}},
{"type":"Feature","geometry":{"type":"Polygon","coordinates":[[[82.473,26.652],[82.819,26.568],[83.071,26.41],[83.132,26.385],[82.935,26.41],[82.822,26.188],[82.678,26.256],[82.398,26.3],[82.223,26.41],[82.336,26.578],[82.473,26.652]]]},"properties":{"id":"ambedkar-nagar-uttar-pradesh","district":"Ambedkar Nagar","state":"Uttar Pradesh"}},
{"type":"Feature","geometry":{"type":"Polygon","coordinates":[[[81.161,26.588],[81.345,26.544],[81.408,26.315],[81.307,26.018],[81.446,25.935],[81.339,25.811],[81.015,26.075],[80.674,26.123],[81.05,26.376],[80.999,26.533],[81.161,26.588]]]},"properties":{"id":"rae-bareli-uttar-pradesh","district":"Rae Bareli","state":"Uttar Pradesh"}},
{"type":"Feature","geometry":{"type":"Polygon","coordinates":[[[79.135,26.44],[79.215,26.436],[79.507,26.365],[79.553,26.27],[79.917,26.09],[79.785,25.863],[79.611,25.897],[79.398,25.789],[79.212,25.789],[78.938,25.952],[78.994,26.197],[79.135,26.44]]]},"properties":{"id":"jalaun-uttar-pradesh","district":"Jalaun","state":"Uttar Pradesh"}},
{"type":"Feature","geometry":{"type":"Polygon","coordinates":[[[83.132,26.385],[83.467,26.276],[83.319,26.049],[83.348,25.819],[83.067,25.653],[82.825,25.77],[82.678,26.152],[82.678,26.256],[82.822,26.188],[82.935,26.41],[83.132,26.385]]]},"properties":{"id":"azamgarh-uttar-pradesh","district":"Azamgarh","state":"Uttar Pradesh"}},
{"type":"Feature","geometry":{"type":"Polygon","coordinates":[[[77.696,25.902],[77.744,26.161],[77.815,26.255],[78.257,26.329],[78.412,26.296],[78.627,26.157],[78.585,26.006],[78.296,25.786],[78.054,25.709],[77.696,25.902]]]},"properties":{"id":"gwalior-madhya-pradesh","district":"Gwalior","state":"Madhya Pradesh"}},
{"type":"Feature","geometry":{"type":"Polygon","coordinates":[[[76.852,26.032],[77.12,26.214],[77.253,26.087],[77.426,26.123],[77.643,25.899],[77.277,25.72],[77.3,25.535],[77.179,25.511],[77.083,25.337],[76.945,25.284],[76.594,25.408],[76.516,25.528],[76.546,25.838],[76.788,25.944],[76.852,26.032]]]},"properties":{"id":"sheopur-madhya-pradesh","district":"Sheopur","state":"Madhya Pradesh"}},
{"type":"Feature","geometry":{"type":"Polygon","coordinates":[[[83.467,26.276],[83.629,26.219],[83.859,26.185],[83.721,25.856],[83.646,25.9],[83.348,25.819],[83.319,26.049],[83.467,26.276]]]},"properties":{"id":"mau-uttar-pradesh","district":"Mau","state":"Uttar Pradesh"}},
{"type":"Feature","geometry":{"type":"Polygon","coordinates":[[[80.591,26.232],[80.674,26.123],[81.015,26.075],[81.339,25.811],[81.227,25.715],[81.193,25.448],[81.019,25.547],[80.932,25.693],[80.573,25.717],[80.553,25.871],[80.346,25.899],[80.236,25.926],[80.325,26.115],[80.591,26.232]]]},"properties":{"id":"fatehpur-uttar-pradesh","district":"Fatehpur","state":"Uttar Pradesh"}},
{"type":"Feature","geometry":{"type":"Polygon","coordinates":[[[83.859,26.185],[84.056,26.1],[84.472,25.882],[84.6,25.732],[84.319,25.668],[84.081,25.636],[83.931,25.558],[83.954,25.749],[83.721,25.856],[83.859,26.185]]]},"properties":{"id":"ballia-uttar-pradesh","district":"Ballia","state":"Uttar Pradesh"}},
{"type":"Feature","geometry":{"type":"Polygon","coordinates":[[[82.434,26.006],[82.579,26.186],[82.678,26.152],[82.825,25.77],[83.067,25.653],[83.071,25.548],[82.739,25.547],[82.694,25.394],[82.33,25.533],[82.151,25.673],[82.218,25.84],[82.434,26.006]]]},"properties":{"id":"jaunpur-uttar-pradesh","district":"Jaunpur","state":"Uttar Pradesh"}},
{"type":"Feature","geometry":{"type":"Polygon","coordinates":[[[75.317,25.767],[75.459,25.723],[75.285,25.403],[75.445,25.264],[75.451,25.049],[75.352,25.019],[75.191,25.037],[74.795,25.152],[74.387,25.181],[74.263,25.066],[74.048,25.238],[74.022,25.348],[74.182,25.848],[74.285,25.884],[74.389,25.963],[74.616,25.904],[75.017,25.859],[75.107,25.697],[75.317,25.767]]]},"properties":{"id":"bhilwara-rajasthan","district":"Bhilwara","state":"Rajasthan"}},
{"type":"Feature","geometry":{"type":"Polygon","coordinates":[[[86.391,25.719],[86.293,25.638],[86.084,25.745],[85.844,25.645],[85.735,25.525],[85.527,25.539],[85.645,25.917],[85.712,26.089],[86.391,25.719]]]},"properties":{"id":"samastipur-bihar","district":"Samastipur","state":"Bihar"}},
{"type":"Feature","geometry":{"type":"Polygon","coordinates":[[[71.188,24.651],[71.339,24.939],[71.79,25.078],[71.916,25.346],[72.032,25.474],[72.321,25.389],[72.676,25.613],[72.778,25.804],[73.092,25.467],[72.936,25.242],[72.83,25.284],[72.648,25.016],[72.373,24.766],[72.312,24.674],[72.335,24.633],[72.165,24.622],[72.058,24.712],[71.919,24.673],[71.792,24.677],[71.656,24.64],[71.609,24.677],[71.479,24.679],[71.378,24.626],[71.287,24.616],[71.188,24.651]]]},"properties":{"id":"jalore-rajasthan","district":"Jalore","state":"Rajasthan"}},
{"type":"Feature","geometry":{"type":"Polygon","coordinates":[[[76.312,25.814],[76.357,25.741],[76.156,25.36],[75.724,25.176],[75.537,25.015],[75.451,25.049],[75.445,25.264],[75.285,25.403],[75.459,25.723],[75.655,25.749],[75.863,25.875],[76.138,25.785],[76.312,25.814]]]},"properties":{"id":"bundi-rajasthan","district":"Bundi","state":"Rajasthan"}},
{"type":"Feature","geometry":{"type":"Polygon","coordinates":[[[88.067,25.484],[87.96,25.539],[87.767,25.416],[87.711,25.258],[87.552,25.331],[87.217,25.456],[87.241,25.697],[87.65,25.683],[87.83,25.787],[87.827,25.891],[87.893,25.866],[88.067,25.484]]]},"properties":{"id":"katihar-bihar","district":"Katihar","state":"Bihar"}},
{"type":"Feature","geometry":{"type":"Polygon","coordinates":[[[78.886,25.913],[78.938,25.952],[79.212,25.789],[79.398,25.789],[79.394,25.519],[79.28,25.324],[79.323,25.15],[79.131,25.11],[79.063,25.222],[78.88,25.158],[78.961,25.345],[78.731,25.458],[78.513,25.276],[78.559,25.213],[78.447,25.122],[78.39,25.206],[78.345,25.328],[78.452,25.572],[78.658,25.559],[78.886,25.913]]]},"properties":{"id":"jhansi-uttar-pradesh","district":"Jhansi","state":"Uttar Pradesh"}},
{"type":"Feature","geometry":{"type":"Polygon","coordinates":[[[77.643,25.899],[77.696,25.902],[78.054,25.709],[78.296,25.786],[78.452,25.572],[78.345,25.328],[78.39,25.206],[78.374,25.099],[78.19,24.842],[77.971,24.884],[77.831,25.001],[77.739,24.857],[77.565,24.872],[77.37,24.926],[77.312,25.081],[77.412,25.224],[77.367,25.411],[77.083,25.337],[77.179,25.511],[77.3,25.535],[77.277,25.72],[77.643,25.899]]]},"properties":{"id":"shivpuri-madhya-pradesh","district":"Shivpuri","state":"Madhya Pradesh"}},
{"type":"Feature","geometry":{"type":"Polygon","coordinates":[[[76.357,25.741],[76.546,25.838],[76.516,25.528],[76.594,25.408],[76.323,25.382],[76.196,25.125],[76.441,24.831],[76.358,24.871],[76.065,24.743],[76.074,24.572],[75.921,24.543],[75.785,24.762],[75.75,24.886],[75.537,25.015],[75.724,25.176],[76.156,25.36],[76.357,25.741]]]},"properties":{"id":"kota-rajasthan","district":"Kota","state":"Rajasthan"}},
{"type":"Feature","geometry":{"type":"Polygon","coordinates":[[[80.346,25.899],[80.553,25.871],[80.573,25.717],[80.932,25.693],[81.019,25.547],[80.837,25.35],[80.692,25.269],[80.715,25.066],[80.592,25.09],[80.478,24.976],[80.264,25.024],[80.43,25.174],[80.311,25.286],[80.105,25.35],[80.215,25.515],[80.346,25.899]]]},"properties":{"id":"banda-uttar-pradesh","district":"Banda","state":"Uttar Pradesh"}},
{"type":"Feature","geometry":{"type":"Polygon","coordinates":[[[83.067,25.653],[83.348,25.819],[83.646,25.9],[83.721,25.856],[83.954,25.749],[83.931,25.558],[83.779,25.398],[83.538,25.309],[83.405,25.493],[83.174,25.526],[83.071,25.548],[83.067,25.653]]]},"properties":{"id":"ghazipur-uttar-pradesh","district":"Ghazipur","state":"Uttar Pradesh"}},
{"type":"Feature","geometry":{"type":"Polygon","coordinates":[[[81.193,25.448],[81.227,25.715],[81.339,25.811],[81.469,25.62],[81.611,25.598],[81.671,25.506],[81.55,25.293],[81.193,25.448]]]},"properties":{"id":"kaushambi-uttar-pradesh","district":"Kaushambi","state":"Uttar Pradesh"}},
{"type":"Feature","geometry":{"type":"Polygon","coordinates":[[[86.293,25.638],[86.391,25.719],[86.413,25.73],[86.494,25.62],[86.798,25.635],[86.822,25.445],[86.726,25.254],[86.51,25.423],[86.283,25.543],[86.293,25.638]]]},"properties":{"id":"khagaria-bihar","district":"Khagaria","state":"Bihar"}},
{"type":"Feature","geometry":{"type":"Polygon","coordinates":[[[84.319,25.668],[84.6,25.732],[84.848,25.699],[84.708,25.309],[84.463,25.161],[84.321,25.213],[84.275,25.359],[84.365,25.471],[84.319,25.668]]]},"properties":{"id":"bhojpur-bihar","district":"Bhojpur","state":"Bihar"}},
{"type":"Feature","geometry":{"type":"Polygon","coordinates":[[[82.151,25.673],[82.33,25.533],[82.268,25.183],[82.325,25.071],[82.094,24.817],[81.943,24.846],[81.892,24.989],[81.668,25.062],[81.541,25.188],[81.55,25.293],[81.671,25.506],[81.611,25.598],[82.022,25.743],[82.151,25.673]]]},"properties":{"id":"prayagraj-uttar-pradesh","district":"Prayagraj","state":"Uttar Pradesh"}},
{"type":"Feature","geometry":{"type":"Polygon","coordinates":[[[83.931,25.558],[84.081,25.636],[84.319,25.668],[84.365,25.471],[84.275,25.359],[84.047,25.375],[83.897,25.29],[83.779,25.398],[83.931,25.558]]]},"properties":{"id":"buxar-bihar","district":"Buxar","state":"Bihar"}},
{"type":"Feature","geometry":{"type":"Polygon","coordinates":[[[88.446,25.595],[88.647,25.478],[88.812,25.524],[88.91,25.18],[88.436,25.2],[88.269,25.304],[88.167,25.426],[88.446,25.595]]]},"properties":{"id":"dakshin-dinajpur-west-bengal","district":"Dakshin Dinajpur","state":"West Bengal"}},
{"type":"Feature","geometry":{"type":"Polygon","coordinates":[[[87.711,25.258],[87.767,25.416],[87.96,25.539],[88.067,25.484],[88.15,25.272],[88.269,25.304],[88.436,25.2],[88.394,24.969],[88.174,24.861],[88.027,24.69],[87.891,24.855],[87.954,24.974],[87.795,25.088],[87.711,25.258]]]},"properties":{"id":"malda-west-bengal","district":"Malda","state":"West Bengal"}},
{"type":"Feature","geometry":{"type":"Polygon","coordinates":[[[78.88,25.158],[79.063,25.222],[79.131,25.11],[79.323,25.15],[79.345,24.904],[79.303,24.688],[79.091,24.633],[78.985,24.442],[78.77,24.86],[78.632,24.957],[78.64,25.071],[78.88,25.158]]]},"properties":{"id":"tikamgarh-madhya-pradesh","district":"Tikamgarh","state":"Madhya Pradesh"}},
{"type":"Feature","geometry":{"type":"Polygon","coordinates":[[[82.694,25.394],[82.739,25.547],[83.071,25.548],[83.174,25.526],[83.142,25.321],[83.03,25.243],[82.784,25.203],[82.668,25.255],[82.694,25.394]]]},"properties":{"id":"varanasi-uttar-pradesh","district":"Varanasi","state":"Uttar Pradesh"}},
{"type":"Feature","geometry":{"type":"Polygon","coordinates":[[[85.705,26.303],[85.767,26.436],[85.816,26.293],[85.978,26.324],[86.33,26.156],[86.388,26.034],[86.316,25.86],[86.413,25.73],[86.391,25.719],[85.712,26.089],[85.705,26.303]]]},"properties":{"id":"darbhanga-bihar","district":"Darbhanga","state":"Bihar"}},
{"type":"Feature","geometry":{"type":"Polygon","coordinates":[[[86.798,25.635],[86.494,25.62],[86.413,25.73],[86.316,25.86],[86.388,26.034],[86.437,26.072],[86.645,26.018],[86.712,25.866],[86.844,25.871],[86.798,25.635]]]},"properties":{"id":"saharsa-bihar","district":"Saharsa","state":"Bihar"}},
{"type":"Feature","geometry":{"type":"Polygon","coordinates":[[[72.936,25.242],[73.109,25.04],[72.992,24.921],[73.147,24.748],[73.002,24.48],[72.959,24.36],[72.728,24.367],[72.683,24.464],[72.353,24.564],[72.335,24.633],[72.312,24.674],[72.373,24.766],[72.648,25.016],[72.83,25.284],[72.936,25.242]]]},"properties":{"id":"sirohi-rajasthan","district":"Sirohi","state":"Rajasthan"}},
{"type":"Feature","geometry":{"type":"Polygon","coordinates":[[[81.019,25.547],[81.193,25.448],[81.55,25.293],[81.541,25.188],[81.264,25.053],[81.12,24.904],[80.946,24.967],[80.845,25.187],[80.715,25.066],[80.692,25.269],[80.837,25.35],[81.019,25.547]]]},"properties":{"id":"chitrakoot-uttar-pradesh","district":"Chitrakoot","state":"Uttar Pradesh"}},
{"type":"Feature","geometry":{"type":"Polygon","coordinates":[[[83.174,25.526],[83.405,25.493],[83.538,25.309],[83.35,25.184],[83.395,24.781],[83.186,24.719],[83.087,24.781],[83.061,24.957],[83.158,25.189],[83.03,25.243],[83.142,25.321],[83.174,25.526]]]},"properties":{"id":"chandauli-uttar-pradesh","district":"Chandauli","state":"Uttar Pradesh"}},
{"type":"Feature","geometry":{"type":"Polygon","coordinates":[[[82.33,25.533],[82.694,25.394],[82.668,25.255],[82.304,25.269],[82.268,25.183],[82.33,25.533]]]},"properties":{"id":"bhadohi-uttar-pradesh","district":"Bhadohi","state":"Uttar Pradesh"}},
{"type":"Feature","geometry":{"type":"Polygon","coordinates":[[[76.594,25.408],[76.945,25.284],[77.083,25.337],[77.367,25.411],[77.412,25.224],[77.312,25.081],[76.877,25.041],[77.069,24.557],[76.844,24.436],[76.607,24.424],[76.536,24.51],[76.441,24.831],[76.196,25.125],[76.323,25.382],[76.594,25.408]]]},"properties":{"id":"baran-rajasthan","district":"Baran","state":"Rajasthan"}},
{"type":"Feature","geometry":{"type":"Polygon","coordinates":[[[87.552,25.331],[87.711,25.258],[87.795,25.088],[87.954,24.974],[87.891,24.855],[87.839,24.745],[87.509,24.799],[87.454,24.939],[87.478,25.195],[87.552,25.331]]]},"properties":{"id":"sahibganj-jharkhand","district":"Sahibganj","state":"Jharkhand"}},
{"type":"Feature","geometry":{"type":"Polygon","coordinates":[[[83.538,25.309],[83.779,25.398],[83.897,25.29],[83.836,25.243],[83.785,24.759],[83.697,24.541],[83.524,24.55],[83.395,24.781],[83.35,25.184],[83.538,25.309]]]},"properties":{"id":"kaimur-bihar","district":"Kaimur","state":"Bihar"}},
{"type":"Feature","geometry":{"type":"Polygon","coordinates":[[[84.275,25.359],[84.321,25.213],[84.463,25.161],[84.448,25.128],[84.085,24.77],[84.009,24.642],[83.873,24.532],[83.503,24.525],[83.524,24.55],[83.697,24.541],[83.785,24.759],[83.836,25.243],[83.897,25.29],[84.047,25.375],[84.275,25.359]]]},"properties":{"id":"rohtas-bihar","district":"Rohtas","state":"Bihar"}},
{"type":"Feature","geometry":{"type":"Polygon","coordinates":[[[73.147,24.748],[73.488,25.104],[73.473,25.026],[73.671,24.77],[73.994,24.921],[74.142,24.882],[74.104,24.734],[74.271,24.576],[74.367,24.283],[74.43,24.257],[74.222,24.099],[74.271,23.949],[74.153,24.011],[73.838,23.934],[73.583,23.963],[73.369,23.815],[73.378,23.904],[73.405,24.042],[73.214,24.077],[73.067,24.194],[73.151,24.355],[73.002,24.48],[73.147,24.748]]]},"properties":{"id":"udaipur-rajasthan","district":"Udaipur","state":"Rajasthan"}},
{"type":"Feature","geometry":{"type":"Polygon","coordinates":[[[87.478,25.195],[87.454,24.939],[87.509,24.799],[87.42,24.514],[87.307,24.598],[87.052,24.627],[87.176,25.057],[87.327,25.224],[87.478,25.195]]]},"properties":{"id":"godda-jharkhand","district":"Godda","state":"Jharkhand"}},
{"type":"Feature","geometry":{"type":"Polygon","coordinates":[[[82.094,24.817],[82.325,25.071],[82.268,25.183],[82.304,25.269],[82.668,25.255],[82.784,25.203],[83.03,25.243],[83.158,25.189],[83.061,24.957],[82.954,24.836],[82.807,24.851],[82.524,24.677],[82.298,24.607],[82.216,24.794],[82.094,24.817]]]},"properties":{"id":"mirzapur-uttar-pradesh","district":"Mirzapur","state":"Uttar Pradesh"}},
{"type":"Feature","geometry":{"type":"Polygon","coordinates":[[[78.447,25.122],[78.559,25.213],[78.64,25.071],[78.632,24.957],[78.77,24.86],[78.985,24.442],[78.991,24.417],[78.806,24.179],[78.586,24.354],[78.369,24.374],[78.268,24.45],[78.276,24.663],[78.19,24.842],[78.374,25.099],[78.447,25.122]]]},"properties":{"id":"lalitpur-uttar-pradesh","district":"Lalitpur","state":"Uttar Pradesh"}},
{"type":"Feature","geometry":{"type":"Polygon","coordinates":[[[86.504,24.983],[86.611,24.608],[86.452,24.373],[86.133,24.604],[86.055,24.78],[85.835,24.987],[85.975,24.997],[86.119,24.974],[86.371,25.144],[86.504,24.983]]]},"properties":{"id":"jamui-bihar","district":"Jamui","state":"Bihar"}},
{"type":"Feature","geometry":{"type":"Polygon","coordinates":[[[75.191,25.037],[75.352,25.019],[75.184,24.748],[75.549,24.703],[75.591,24.52],[75.366,24.315],[75.025,24.37],[74.908,24.212],[74.754,24.242],[74.855,24.424],[74.697,24.483],[74.993,24.693],[74.959,24.858],[75.116,24.877],[75.191,25.037]]]},"properties":{"id":"neemuch-madhya-pradesh","district":"Neemuch","state":"Madhya Pradesh"}},
{"type":"Feature","geometry":{"type":"Polygon","coordinates":[[[87.176,25.057],[87.052,24.627],[86.913,24.547],[86.611,24.608],[86.504,24.983],[86.651,24.982],[86.692,25.115],[87.014,25.11],[87.176,25.057]]]},"properties":{"id":"banka-bihar","district":"Banka","state":"Bihar"}},
{"type":"Feature","geometry":{"type":"Polygon","coordinates":[[[81.541,25.188],[81.668,25.062],[81.892,24.989],[81.943,24.846],[82.094,24.817],[82.216,24.794],[82.298,24.607],[82.304,24.594],[81.791,24.53],[81.305,24.322],[81.157,24.498],[81.12,24.904],[81.264,25.053],[81.541,25.188]]]},"properties":{"id":"rewa-madhya-pradesh","district":"Rewa","state":"Madhya Pradesh"}},
{"type":"Feature","geometry":{"type":"Polygon","coordinates":[[[80.478,24.976],[80.592,25.09],[80.715,25.066],[80.845,25.187],[80.946,24.967],[81.12,24.904],[81.157,24.498],[81.305,24.322],[81.389,24.266],[81.186,24.11],[81.002,24.081],[80.958,24.065],[80.738,24.131],[80.359,23.969],[80.632,24.175],[80.461,24.437],[80.47,24.613],[80.377,24.681],[80.603,24.831],[80.478,24.976]]]},"properties":{"id":"satna-madhya-pradesh","district":"Satna","state":"Madhya Pradesh"}},
{"type":"Feature","geometry":{"type":"Polygon","coordinates":[[[77.312,25.081],[77.37,24.926],[77.565,24.872],[77.482,24.633],[77.497,24.473],[77.652,24.314],[77.346,24.182],[77.26,24.068],[77.318,23.89],[77.227,23.89],[77.182,24.079],[76.881,24.131],[76.922,24.212],[76.844,24.436],[77.069,24.557],[76.877,25.041],[77.312,25.081]]]},"properties":{"id":"guna-madhya-pradesh","district":"Guna","state":"Madhya Pradesh"}},
{"type":"Feature","geometry":{"type":"Polygon","coordinates":[[[85.835,24.987],[86.055,24.78],[85.902,24.766],[85.738,24.82],[85.677,24.591],[85.374,24.554],[85.276,24.78],[85.388,24.963],[85.634,25.097],[85.835,24.987]]]},"properties":{"id":"nawada-bihar","district":"Nawada","state":"Bihar"}},
{"type":"Feature","geometry":{"type":"Polygon","coordinates":[[[85.388,24.963],[85.276,24.78],[85.374,24.554],[85.331,24.51],[85.088,24.37],[84.802,24.531],[84.497,24.288],[84.327,24.49],[84.547,24.527],[84.735,24.765],[84.734,25.055],[84.856,25.062],[85.09,24.993],[85.201,25.059],[85.388,24.963]]]},"properties":{"id":"gaya-bihar","district":"Gaya","state":"Bihar"}},
{"type":"Feature","geometry":{"type":"Polygon","coordinates":[[[77.565,24.872],[77.739,24.857],[77.831,25.001],[77.971,24.884],[78.19,24.842],[78.276,24.663],[78.268,24.45],[78.083,24.259],[77.652,24.314],[77.497,24.473],[77.482,24.633],[77.565,24.872]]]},"properties":{"id":"ashoknagar-madhya-pradesh","district":"Ashoknagar","state":"Madhya Pradesh"}},
{"type":"Feature","geometry":{"type":"Polygon","coordinates":[[[75.921,24.543],[76.074,24.572],[76.065,24.743],[76.358,24.871],[76.441,24.831],[76.536,24.51],[76.607,24.424],[76.844,24.436],[76.922,24.212],[76.881,24.131],[76.321,24.245],[76.213,24.209],[76.118,24.194],[75.938,23.897],[75.69,23.747],[75.462,23.918],[75.522,24.025],[75.702,23.966],[75.837,24.057],[75.728,24.396],[75.921,24.543]]]},"properties":{"id":"jhalawar-rajasthan","district":"Jhalawar","state":"Rajasthan"}},
{"type":"Feature","geometry":{"type":"Polygon","coordinates":[[[87.891,24.855],[88.027,24.69],[88.133,24.51],[88.56,24.308],[88.742,24.255],[88.7,24.097],[88.512,23.992],[88.408,23.82],[88.177,23.761],[87.966,23.809],[87.844,23.91],[87.899,24.163],[88.017,24.311],[87.89,24.565],[87.839,24.745],[87.891,24.855]]]},"properties":{"id":"murshidabad-west-bengal","district":"Murshidabad","state":"West Bengal"}},
{"type":"Feature","geometry":{"type":"Polygon","coordinates":[[[83.061,24.957],[83.087,24.781],[83.186,24.719],[83.395,24.781],[83.524,24.55],[83.503,24.525],[83.4,24.498],[83.409,24.267],[83.33,24.102],[83.207,23.922],[82.947,23.871],[82.813,23.962],[82.744,24.165],[82.798,24.576],[82.671,24.697],[82.524,24.677],[82.807,24.851],[82.954,24.836],[83.061,24.957]]]},"properties":{"id":"sonbhadra-uttar-pradesh","district":"Sonbhadra","state":"Uttar Pradesh"}},
{"type":"Feature","geometry":{"type":"Polygon","coordinates":[[[87.509,24.799],[87.839,24.745],[87.89,24.565],[87.801,24.382],[87.639,24.255],[87.564,24.524],[87.42,24.514],[87.509,24.799]]]},"properties":{"id":"pakur-jharkhand","district":"Pakur","state":"Jharkhand"}},
{"type":"Feature","geometry":{"type":"Polygon","coordinates":[[[75.785,24.762],[75.921,24.543],[75.728,24.396],[75.837,24.057],[75.702,23.966],[75.522,24.025],[75.462,23.918],[75.256,23.823],[74.941,23.765],[74.974,24.04],[74.908,24.212],[75.025,24.37],[75.366,24.315],[75.591,24.52],[75.549,24.703],[75.785,24.762]]]},"properties":{"id":"mandsaur-madhya-pradesh","district":"Mandsaur","state":"Madhya Pradesh"}},
{"type":"Feature","geometry":{"type":"Polygon","coordinates":[[[86.51,25.423],[86.726,25.254],[86.692,25.115],[86.651,24.982],[86.504,24.983],[86.371,25.144],[86.263,25.28],[86.51,25.423]]]},"properties":{"id":"munger-bihar","district":"Munger","state":"Bihar"}},
{"type":"Feature","geometry":{"type":"Polygon","coordinates":[[[86.055,24.78],[86.133,24.604],[86.452,24.373],[86.57,24.142],[86.481,24.022],[86.293,23.916],[86.11,23.888],[85.914,23.949],[85.682,24.176],[85.85,24.274],[85.868,24.527],[85.773,24.611],[85.902,24.766],[86.055,24.78]]]},"properties":{"id":"giridih-jharkhand","district":"Giridih","state":"Jharkhand"}},
{"type":"Feature","geometry":{"type":"Polygon","coordinates":[[[87.052,24.627],[87.307,24.598],[87.42,24.514],[87.564,24.524],[87.639,24.255],[87.631,24.164],[87.44,23.982],[87.234,24.025],[86.974,24.109],[87.046,24.223],[86.888,24.447],[86.913,24.547],[87.052,24.627]]]},"properties":{"id":"dumka-jharkhand","district":"Dumka","state":"Jharkhand"}},
{"type":"Feature","geometry":{"type":"Polygon","coordinates":[[[82.298,24.607],[82.524,24.677],[82.671,24.697],[82.798,24.576],[82.744,24.165],[82.813,23.962],[82.694,23.919],[82.498,23.784],[82.209,23.853],[82.201,23.949],[81.969,24.013],[81.879,24.127],[82.166,24.358],[82.304,24.594],[82.298,24.607]]]},"properties":{"id":"singrauli-madhya-pradesh","district":"Singrauli","state":"Madhya Pradesh"}},
{"type":"Feature","geometry":{"type":"Polygon","coordinates":[[[87.89,24.565],[88.017,24.311],[87.899,24.163],[87.844,23.91],[87.966,23.809],[87.959,23.63],[87.845,23.551],[87.533,23.608],[87.085,23.812],[87.295,23.901],[87.234,24.025],[87.44,23.982],[87.631,24.164],[87.639,24.255],[87.801,24.382],[87.89,24.565]]]},"properties":{"id":"birbhum-west-bengal","district":"Birbhum","state":"West Bengal"}},
{"type":"Feature","geometry":{"type":"Polygon","coordinates":[[[86.452,24.373],[86.611,24.608],[86.913,24.547],[86.888,24.447],[87.046,24.223],[86.974,24.109],[86.954,24.042],[86.57,24.142],[86.452,24.373]]]},"properties":{"id":"deoghar-jharkhand","district":"Deoghar","state":"Jharkhand"}},
{"type":"Feature","geometry":{"type":"Polygon","coordinates":[[[83.873,24.532],[84.009,24.642],[84.093,24.534],[84.327,24.49],[84.497,24.288],[84.579,23.988],[84.334,23.91],[84.137,23.904],[84.019,23.802],[83.865,24.069],[83.818,24.289],[83.873,24.532]]]},"properties":{"id":"palamu-jharkhand","district":"Palamu","state":"Jharkhand"}},
{"type":"Feature","geometry":{"type":"Polygon","coordinates":[[[81.305,24.322],[81.791,24.53],[82.304,24.594],[82.166,24.358],[81.879,24.127],[81.969,24.013],[82.201,23.949],[82.209,23.853],[81.921,23.871],[81.81,23.808],[81.603,23.885],[81.389,24.266],[81.305,24.322]]]},"properties":{"id":"sidhi-madhya-pradesh","district":"Sidhi","state":"Madhya Pradesh"}},
{"type":"Feature","geometry":{"type":"Polygon","coordinates":[[[84.497,24.288],[84.802,24.531],[85.088,24.37],[85.16,24.23],[85.201,23.956],[85.024,23.992],[85.053,23.712],[84.969,23.716],[84.934,23.941],[84.579,23.988],[84.497,24.288]]]},"properties":{"id":"chatra-jharkhand","district":"Chatra","state":"Jharkhand"}},
{"type":"Feature","geometry":{"type":"Polygon","coordinates":[[[83.503,24.525],[83.873,24.532],[83.818,24.289],[83.865,24.069],[84.019,23.802],[84.016,23.635],[83.775,23.61],[83.706,23.82],[83.571,23.863],[83.432,24.086],[83.33,24.102],[83.409,24.267],[83.4,24.498],[83.503,24.525]]]},"properties":{"id":"garhwa-jharkhand","district":"Garhwa","state":"Jharkhand"}},
{"type":"Feature","geometry":{"type":"Polygon","coordinates":[[[78.268,24.45],[78.369,24.374],[78.586,24.354],[78.806,24.179],[78.991,24.417],[79.181,24.433],[79.233,24.334],[79.054,24.171],[79.144,24.102],[79.094,23.919],[79.302,23.677],[79.288,23.479],[79.181,23.426],[79.19,23.224],[78.809,23.236],[78.499,23.585],[78.429,23.72],[78.293,23.676],[78.294,23.91],[78.184,24.01],[78.083,24.259],[78.268,24.45]]]},"properties":{"id":"sagar-madhya-pradesh","district":"Sagar","state":"Madhya Pradesh"}},
{"type":"Feature","geometry":{"type":"Polygon","coordinates":[[[71.319,23.984],[71.396,23.966],[71.688,23.97],[71.714,23.87],[71.861,23.846],[71.962,23.991],[72.206,24.114],[72.226,24.072],[72.339,24.037],[72.37,23.971],[72.486,23.936],[72.329,23.881],[72.291,23.619],[72.183,23.641],[71.969,23.526],[71.862,23.471],[71.534,23.479],[71.376,23.65],[71.081,23.599],[71.101,23.903],[71.319,23.984]]]},"properties":{"id":"patan-gujarat","district":"Patan","state":"Gujarat"}},
{"type":"Feature","geometry":{"type":"Polygon","coordinates":[[[79.19,23.224],[79.181,23.426],[79.288,23.479],[79.302,23.677],[79.094,23.919],[79.144,24.102],[79.383,24.196],[79.413,24.351],[79.566,24.428],[79.796,24.374],[79.858,24.299],[79.767,24.042],[79.865,23.828],[79.828,23.695],[79.929,23.597],[79.675,23.338],[79.372,23.166],[79.19,23.224]]]},"properties":{"id":"damoh-madhya-pradesh","district":"Damoh","state":"Madhya Pradesh"}},
{"type":"Feature","geometry":{"type":"Polygon","coordinates":[[[77.049,23.467],[76.855,23.108],[76.774,23.171],[76.542,23.13],[76.364,23.233],[76.121,23.244],[76.213,23.489],[76.155,23.57],[76.435,23.633],[76.693,23.486],[76.916,23.514],[77.049,23.467]]]},"properties":{"id":"shajapur-madhya-pradesh","district":"Shajapur","state":"Madhya Pradesh"}},
{"type":"Feature","geometry":{"type":"Polygon","coordinates":[[[77.318,23.89],[77.26,24.068],[77.346,24.182],[77.652,24.314],[78.083,24.259],[78.184,24.01],[78.294,23.91],[78.293,23.676],[78.222,23.527],[78.085,23.45],[77.811,23.456],[77.707,23.564],[77.517,23.507],[77.647,23.713],[77.474,23.757],[77.318,23.89]]]},"properties":{"id":"vidisha-madhya-pradesh","district":"Vidisha","state":"Madhya Pradesh"}},
{"type":"Feature","geometry":{"type":"Polygon","coordinates":[[[72.486,23.936],[72.584,23.936],[72.651,23.993],[72.653,24.084],[72.783,24.102],[72.867,24.025],[72.789,23.833],[72.835,23.672],[72.798,23.501],[72.624,23.556],[72.413,23.281],[72.336,23.107],[72.188,23.144],[72.174,23.273],[72.298,23.415],[71.989,23.489],[71.969,23.526],[72.183,23.641],[72.291,23.619],[72.329,23.881],[72.486,23.936]]]},"properties":{"id":"mehsana-gujarat","district":"Mehsana","state":"Gujarat"}},
{"type":"Feature","geometry":{"type":"Polygon","coordinates":[[[76.881,24.131],[77.182,24.079],[77.227,23.89],[77.167,23.673],[77.049,23.467],[76.916,23.514],[76.693,23.486],[76.435,23.633],[76.303,23.96],[76.191,24.087],[76.213,24.209],[76.321,24.245],[76.881,24.131]]]},"properties":{"id":"rajgarh-madhya-pradesh","district":"Rajgarh","state":"Madhya Pradesh"}},
{"type":"Feature","geometry":{"type":"Polygon","coordinates":[[[81.002,24.081],[81.186,24.11],[81.389,24.266],[81.603,23.885],[81.697,23.721],[81.611,23.512],[81.917,23.534],[81.986,23.415],[81.914,23.301],[81.612,23.199],[81.518,23.082],[81.319,23.104],[81.252,23.213],[81.352,23.354],[81.249,23.581],[81.223,23.855],[81.002,24.081]]]},"properties":{"id":"shahdol-madhya-pradesh","district":"Shahdol","state":"Madhya Pradesh"}},
{"type":"Feature","geometry":{"type":"Polygon","coordinates":[[[88.177,23.761],[88.408,23.82],[88.512,23.992],[88.7,24.097],[88.732,23.911],[88.607,23.861],[88.593,23.617],[88.763,23.446],[88.709,23.232],[88.612,22.907],[88.407,22.943],[88.501,23.105],[88.414,23.21],[88.326,23.316],[88.387,23.497],[88.177,23.761]]]},"properties":{"id":"nadia-west-bengal","district":"Nadia","state":"West Bengal"}},
{"type":"Feature","geometry":{"type":"Polygon","coordinates":[[[86.481,24.022],[86.57,24.142],[86.954,24.042],[86.974,24.109],[87.234,24.025],[87.295,23.901],[87.085,23.812],[86.916,23.882],[86.801,23.834],[86.481,24.022]]]},"properties":{"id":"jamtara-jharkhand","district":"Jamtara","state":"Jharkhand"}},
{"type":"Feature","geometry":{"type":"Polygon","coordinates":[[[73.369,23.815],[73.583,23.963],[73.838,23.934],[74.153,24.011],[74.271,23.949],[74.376,23.904],[74.147,23.783],[73.959,23.38],[73.627,23.449],[73.656,23.621],[73.369,23.815]]]},"properties":{"id":"dungarpur-rajasthan","district":"Dungarpur","state":"Rajasthan"}},
{"type":"Feature","geometry":{"type":"Polygon","coordinates":[[[80.359,23.969],[80.738,24.131],[80.958,24.065],[80.846,23.966],[80.906,23.677],[80.69,23.732],[80.562,23.567],[80.544,23.394],[80.297,23.339],[80.236,23.574],[79.929,23.597],[79.828,23.695],[79.865,23.828],[80.053,23.992],[80.307,23.91],[80.359,23.969]]]},"properties":{"id":"katni-madhya-pradesh","district":"Katni","state":"Madhya Pradesh"}},
{"type":"Feature","geometry":{"type":"Polygon","coordinates":[[[86.11,23.888],[86.293,23.916],[86.481,24.022],[86.801,23.834],[86.801,23.699],[86.486,23.636],[86.244,23.713],[86.11,23.888]]]},"properties":{"id":"dhanbad-jharkhand","district":"Dhanbad","state":"Jharkhand"}},
{"type":"Feature","geometry":{"type":"Polygon","coordinates":[[[73.959,23.38],[74.147,23.783],[74.376,23.904],[74.561,23.805],[74.519,23.636],[74.772,23.543],[74.572,23.42],[74.529,23.321],[74.734,23.221],[74.506,23.085],[74.32,23.06],[74.248,23.184],[73.982,23.338],[73.959,23.38]]]},"properties":{"id":"banswara-rajasthan","district":"Banswara","state":"Rajasthan"}},
{"type":"Feature","geometry":{"type":"Polygon","coordinates":[[[80.958,24.065],[81.002,24.081],[81.223,23.855],[81.249,23.581],[81.352,23.354],[81.252,23.213],[81.126,23.21],[80.921,23.284],[80.726,23.261],[80.576,23.351],[80.544,23.394],[80.562,23.567],[80.69,23.732],[80.906,23.677],[80.846,23.966],[80.958,24.065]]]},"properties":{"id":"umaria-madhya-pradesh","district":"Umaria","state":"Madhya Pradesh"}},
{"type":"Feature","geometry":{"type":"Polygon","coordinates":[[[84.019,23.802],[84.137,23.904],[84.334,23.91],[84.579,23.988],[84.934,23.941],[84.969,23.716],[84.885,23.559],[84.642,23.669],[84.388,23.604],[84.192,23.325],[84.074,23.334],[83.963,23.386],[84.016,23.635],[84.019,23.802]]]},"properties":{"id":"latehar-jharkhand","district":"Latehar","state":"Jharkhand"}},
{"type":"Feature","geometry":{"type":"Polygon","coordinates":[[[75.462,23.918],[75.69,23.747],[75.199,23.536],[75.164,23.4],[75.26,23.268],[75.242,23.136],[75.006,23.109],[74.734,23.221],[74.529,23.321],[74.572,23.42],[74.772,23.543],[74.941,23.765],[75.256,23.823],[75.462,23.918]]]},"properties":{"id":"ratlam-madhya-pradesh","district":"Ratlam","state":"Madhya Pradesh"}},
{"type":"Feature","geometry":{"type":"Polygon","coordinates":[[[85.914,23.949],[86.11,23.888],[86.244,23.713],[86.486,23.636],[86.31,23.412],[86.039,23.499],[85.885,23.483],[85.755,23.663],[85.614,23.633],[85.582,23.853],[85.643,23.955],[85.835,23.841],[85.914,23.949]]]},"properties":{"id":"bokaro-jharkhand","district":"Bokaro","state":"Jharkhand"}},
{"type":"Feature","geometry":{"type":"Polygon","coordinates":[[[85.643,23.955],[85.582,23.853],[85.614,23.633],[85.755,23.663],[85.885,23.483],[85.859,23.43],[85.601,23.489],[85.529,23.562],[85.267,23.578],[85.231,23.684],[85.643,23.955]]]},"properties":{"id":"ramgarh-jharkhand","district":"Ramgarh","state":"Jharkhand"}},
{"type":"Feature","geometry":{"type":"Polygon","coordinates":[[[77.227,23.89],[77.318,23.89],[77.474,23.757],[77.647,23.713],[77.517,23.507],[77.626,23.316],[77.562,23.137],[77.38,23.072],[77.271,23.094],[77.215,23.285],[77.288,23.426],[77.277,23.6],[77.167,23.673],[77.227,23.89]]]},"properties":{"id":"bhopal-madhya-pradesh","district":"Bhopal","state":"Madhya Pradesh"}},
{"type":"Feature","geometry":{"type":"Polygon","coordinates":[[[87.966,23.809],[88.177,23.761],[88.387,23.497],[88.326,23.316],[88.414,23.21],[88.361,23.118],[88.17,23.156],[88.05,22.99],[87.839,22.936],[87.712,23.01],[87.764,23.075],[87.449,23.402],[87.533,23.608],[87.845,23.551],[87.959,23.63],[87.966,23.809]]]},"properties":{"id":"purba-bardhaman-west-bengal","district":"Purba Bardhaman","state":"West Bengal"}},
{"type":"Feature","geometry":{"type":"Polygon","coordinates":[[[82.216,22.944],[82.123,23.104],[82.2,23.314],[81.986,23.415],[81.917,23.534],[81.611,23.512],[81.697,23.721],[81.603,23.885],[81.81,23.808],[81.921,23.871],[82.209,23.853],[82.498,23.784],[82.602,23.676],[82.582,23.545],[82.744,23.269],[82.577,23.127],[82.573,22.961],[82.385,22.999],[82.216,22.944]]]},"properties":{"id":"koriya-chhattisgarh","district":"Koriya","state":"Chhattisgarh"}},
{"type":"Feature","geometry":{"type":"Polygon","coordinates":[[[75.69,23.747],[75.881,23.558],[76.155,23.57],[76.213,23.489],[76.121,23.244],[76.083,23.048],[75.898,23.004],[75.672,23.015],[75.566,23.086],[75.441,22.867],[75.306,22.932],[75.242,23.136],[75.26,23.268],[75.164,23.4],[75.199,23.536],[75.69,23.747]]]},"properties":{"id":"ujjain-madhya-pradesh","district":"Ujjain","state":"Madhya Pradesh"}},
{"type":"Feature","geometry":{"type":"Polygon","coordinates":[[[72.336,23.107],[72.413,23.281],[72.624,23.556],[72.798,23.501],[72.734,23.404],[73.017,23.279],[73.012,23.16],[72.838,22.997],[72.766,23.096],[72.483,23.144],[72.336,23.107]]]},"properties":{"id":"gandhinagar-gujarat","district":"Gandhinagar","state":"Gujarat"}},
{"type":"Feature","geometry":{"type":"Polygon","coordinates":[[[72.061,22.102],[72.06,22.247],[71.862,22.371],[72.034,22.507],[72.057,22.796],[71.919,23.065],[71.87,23.382],[71.989,23.489],[72.298,23.415],[72.174,23.273],[72.188,23.144],[72.336,23.107],[72.483,23.144],[72.766,23.096],[72.838,22.997],[72.521,22.796],[72.509,22.61],[72.376,22.473],[72.376,22.315],[72.245,21.995],[72.061,22.102]]]},"properties":{"id":"ahmedabad-gujarat","district":"Ahmedabad","state":"Gujarat"}},
{"type":"Feature","geometry":{"type":"Polygon","coordinates":[[[78.293,23.676],[78.429,23.72],[78.499,23.585],[78.809,23.236],[78.731,23.045],[78.447,22.983],[78.028,22.803],[77.961,22.969],[77.64,22.839],[77.436,22.931],[77.38,23.072],[77.562,23.137],[77.626,23.316],[77.517,23.507],[77.707,23.564],[77.811,23.456],[78.085,23.45],[78.222,23.527],[78.293,23.676]]]},"properties":{"id":"raisen-madhya-pradesh","district":"Raisen","state":"Madhya Pradesh"}},
{"type":"Feature","geometry":{"type":"Polygon","coordinates":[[[86.61,22.799],[86.559,22.714],[86.419,22.791],[86.436,22.927],[86.241,22.997],[86.044,23.145],[85.885,23.167],[85.859,23.43],[85.885,23.483],[86.039,23.499],[86.31,23.412],[86.486,23.636],[86.801,23.699],[86.902,23.639],[86.752,23.089],[86.61,22.799]]]},"properties":{"id":"purulia-west-bengal","district":"Purulia","state":"West Bengal"}},
{"type":"Feature","geometry":{"type":"Polygon","coordinates":[[[77.221,22.569],[77.13,22.555],[77.003,22.878],[76.575,22.771],[76.455,22.922],[76.542,23.13],[76.774,23.171],[76.855,23.108],[77.049,23.467],[77.167,23.673],[77.277,23.6],[77.288,23.426],[77.215,23.285],[77.271,23.094],[77.38,23.072],[77.436,22.931],[77.64,22.839],[77.961,22.969],[78.028,22.803],[77.848,22.873],[77.742,22.76],[77.332,22.564],[77.221,22.569]]]},"properties":{"id":"sehore-madhya-pradesh","district":"Sehore","state":"Madhya Pradesh"}},
{"type":"Feature","geometry":{"type":"Polygon","coordinates":[[[84.969,23.716],[85.053,23.712],[85.231,23.684],[85.267,23.578],[85.529,23.562],[85.601,23.489],[85.859,23.43],[85.885,23.167],[85.729,22.944],[85.582,22.895],[85.614,23.115],[85.088,23.243],[84.943,23.002],[84.902,23.327],[84.885,23.559],[84.969,23.716]]]},"properties":{"id":"ranchi-jharkhand","district":"Ranchi","state":"Jharkhand"}},
{"type":"Feature","geometry":{"type":"Polygon","coordinates":[[[87.523,22.928],[87.358,22.954],[87.064,22.851],[87.076,22.726],[86.894,22.652],[86.61,22.799],[86.752,23.089],[86.902,23.639],[87.209,23.558],[87.449,23.402],[87.764,23.075],[87.712,23.01],[87.523,22.928]]]},"properties":{"id":"bankura-west-bengal","district":"Bankura","state":"West Bengal"}},
{"type":"Feature","geometry":{"type":"Polygon","coordinates":[[[84.388,23.604],[84.642,23.669],[84.885,23.559],[84.902,23.327],[84.793,23.279],[84.441,23.405],[84.388,23.604]]]},"properties":{"id":"lohardaga-jharkhand","district":"Lohardaga","state":"Jharkhand"}},
{"type":"Feature","geometry":{"type":"Polygon","coordinates":[[[73.563,22.33],[73.421,22.429],[73.418,22.661],[73.35,22.792],[73.422,22.944],[73.584,22.987],[73.674,23.103],[73.902,23.05],[73.803,22.549],[73.731,22.287],[73.563,22.33]]]},"properties":{"id":"panchmahal-gujarat","district":"Panchmahal","state":"Gujarat"}},
{"type":"Feature","geometry":{"type":"Polygon","coordinates":[[[79.964,22.852],[79.785,22.847],[79.629,22.95],[79.608,23.098],[79.372,23.166],[79.675,23.338],[79.929,23.597],[80.236,23.574],[80.297,23.339],[80.544,23.394],[80.576,23.351],[80.53,23.083],[80.248,23.152],[79.993,23.028],[79.964,22.852]]]},"properties":{"id":"jabalpur-madhya-pradesh","district":"Jabalpur","state":"Madhya Pradesh"}},
{"type":"Feature","geometry":{"type":"Polygon","coordinates":[[[84.074,23.334],[84.192,23.325],[84.388,23.604],[84.441,23.405],[84.793,23.279],[84.902,23.327],[84.943,23.002],[84.98,22.785],[84.857,22.72],[84.449,22.836],[84.293,22.773],[84.374,22.979],[84.178,22.98],[84.038,23.171],[84.074,23.334]]]},"properties":{"id":"gumla-jharkhand","district":"Gumla","state":"Jharkhand"}},
{"type":"Feature","geometry":{"type":"Polygon","coordinates":[[[74.379,22.635],[74.058,22.55],[73.803,22.549],[73.902,23.05],[73.982,23.338],[74.248,23.184],[74.32,23.06],[74.465,22.817],[74.379,22.635]]]},"properties":{"id":"dahod-gujarat","district":"Dahod","state":"Gujarat"}},
{"type":"Feature","geometry":{"type":"Polygon","coordinates":[[[77.13,22.555],[76.794,22.426],[76.782,22.344],[76.497,22.411],[76.326,22.298],[76.211,22.327],[76.083,22.538],[76.103,22.701],[75.898,23.004],[76.083,23.048],[76.121,23.244],[76.364,23.233],[76.542,23.13],[76.455,22.922],[76.575,22.771],[77.003,22.878],[77.13,22.555]]]},"properties":{"id":"dewas-madhya-pradesh","district":"Dewas","state":"Madhya Pradesh"}},
{"type":"Feature","geometry":{"type":"Polygon","coordinates":[[[82.123,23.104],[81.95,22.983],[81.732,22.676],[81.692,22.781],[81.453,22.77],[81.2,22.913],[81.264,23.071],[81.126,23.21],[81.252,23.213],[81.319,23.104],[81.518,23.082],[81.612,23.199],[81.914,23.301],[81.986,23.415],[82.2,23.314],[82.123,23.104]]]},"properties":{"id":"anuppur-madhya-pradesh","district":"Anuppur","state":"Madhya Pradesh"}},
{"type":"Feature","geometry":{"type":"Polygon","coordinates":[[[74.742,22.56],[74.379,22.635],[74.465,22.817],[74.32,23.06],[74.506,23.085],[74.734,23.221],[75.006,23.109],[75.003,22.913],[74.895,22.748],[74.76,22.752],[74.742,22.56]]]},"properties":{"id":"jhabua-madhya-pradesh","district":"Jhabua","state":"Madhya Pradesh"}},
{"type":"Feature","geometry":{"type":"Polygon","coordinates":[[[89.055,22.128],[88.804,22.329],[88.624,22.58],[88.414,22.557],[88.358,22.632],[88.35,22.654],[88.407,22.943],[88.612,22.907],[88.709,23.232],[88.942,23.206],[88.858,22.968],[89.055,22.128]]]},"properties":{"id":"north-24-parganas-west-bengal","district":"North 24 Parganas","state":"West Bengal"}},
{"type":"Feature","geometry":{"type":"Polygon","coordinates":[[[81.475,22.489],[81.193,22.491],[81.013,22.591],[80.868,22.758],[80.524,22.872],[80.53,23.083],[80.576,23.351],[80.726,23.261],[80.921,23.284],[81.126,23.21],[81.264,23.071],[81.2,22.913],[81.453,22.77],[81.692,22.781],[81.732,22.676],[81.729,22.67],[81.622,22.538],[81.475,22.489]]]},"properties":{"id":"dindori-madhya-pradesh","district":"Dindori","state":"Madhya Pradesh"}},
{"type":"Feature","geometry":{"type":"Polygon","coordinates":[[[87.853,22.595],[87.741,22.777],[87.523,22.928],[87.712,23.01],[87.839,22.936],[88.05,22.99],[88.17,23.156],[88.361,23.118],[88.414,23.21],[88.501,23.105],[88.407,22.943],[88.35,22.654],[87.992,22.704],[87.853,22.595]]]},"properties":{"id":"hooghly-west-bengal","district":"Hooghly","state":"West Bengal"}},
{"type":"Feature","geometry":{"type":"Polygon","coordinates":[[[84.943,23.002],[85.088,23.243],[85.614,23.115],[85.582,22.895],[85.516,22.807],[85.341,22.883],[85.157,22.832],[85.073,22.568],[84.98,22.785],[84.943,23.002]]]},"properties":{"id":"khunti-jharkhand","district":"Khunti","state":"Jharkhand"}},
{"type":"Feature","geometry":{"type":"Polygon","coordinates":[[[79.629,22.95],[79.488,22.73],[79.328,22.616],[79.241,22.803],[78.918,22.672],[78.69,22.705],[78.447,22.983],[78.731,23.045],[78.809,23.236],[79.19,23.224],[79.372,23.166],[79.608,23.098],[79.629,22.95]]]},"properties":{"id":"narsinghpur-madhya-pradesh","district":"Narsinghpur","state":"Madhya Pradesh"}},
{"type":"Feature","geometry":{"type":"Polygon","coordinates":[[[74.502,22.045],[74.526,22.236],[74.649,22.274],[74.742,22.56],[74.76,22.752],[74.895,22.748],[75.003,22.913],[75.006,23.109],[75.242,23.136],[75.306,22.932],[75.441,22.867],[75.529,22.63],[75.561,22.377],[75.491,22.154],[75.317,22.133],[74.502,22.045]]]},"properties":{"id":"dhar-madhya-pradesh","district":"Dhar","state":"Madhya Pradesh"}},
{"type":"Feature","geometry":{"type":"Polygon","coordinates":[[[84.012,22.528],[84.01,22.371],[83.802,22.294],[83.738,22.378],[83.4,22.554],[83.409,22.641],[83.629,22.712],[83.646,22.826],[83.504,22.951],[83.555,23.17],[83.792,23.251],[84.038,23.171],[84.178,22.98],[84.374,22.979],[84.293,22.773],[84.012,22.528]]]},"properties":{"id":"jashpur-chhattisgarh","district":"Jashpur","state":"Chhattisgarh"}},
{"type":"Feature","geometry":{"type":"Polygon","coordinates":[[[76.083,22.538],[75.994,22.414],[75.615,22.338],[75.561,22.377],[75.529,22.63],[75.441,22.867],[75.566,23.086],[75.672,23.015],[75.898,23.004],[76.103,22.701],[76.083,22.538]]]},"properties":{"id":"indore-madhya-pradesh","district":"Indore","state":"Madhya Pradesh"}},
{"type":"Feature","geometry":{"type":"Polygon","coordinates":[[[86.067,22.557],[85.963,22.485],[85.865,22.712],[85.724,22.685],[85.646,22.851],[85.516,22.807],[85.582,22.895],[85.729,22.944],[85.885,23.167],[86.044,23.145],[86.241,22.997],[86.15,22.631],[86.067,22.557]]]},"properties":{"id":"saraikela-kharsawan-jharkhand","district":"Saraikela-Kharsawan","state":"Jharkhand"}},
{"type":"Feature","geometry":{"type":"Polygon","coordinates":[[[80.1,22.335],[80.036,22.608],[80.065,22.762],[79.964,22.852],[79.993,23.028],[80.248,23.152],[80.53,23.083],[80.524,22.872],[80.868,22.758],[81.013,22.591],[81.193,22.491],[81.045,22.241],[80.866,22.379],[80.58,22.227],[80.4,22.304],[80.1,22.335]]]},"properties":{"id":"mandla-madhya-pradesh","district":"Mandla","state":"Madhya Pradesh"}},
{"type":"Feature","geometry":{"type":"Polygon","coordinates":[[[86.728,22.216],[86.067,22.557],[86.15,22.631],[86.241,22.997],[86.436,22.927],[86.419,22.791],[86.559,22.714],[86.766,22.576],[86.845,22.4],[86.728,22.216]]]},"properties":{"id":"east-singhbhum-jharkhand","district":"East Singhbhum","state":"Jharkhand"}},
{"type":"Feature","geometry":{"type":"Polygon","coordinates":[[[78.69,22.705],[78.522,22.665],[78.56,22.419],[78.27,22.401],[78.033,22.33],[77.855,22.368],[77.548,22.352],[77.39,22.223],[77.221,22.569],[77.332,22.564],[77.742,22.76],[77.848,22.873],[78.028,22.803],[78.447,22.983],[78.69,22.705]]]},"properties":{"id":"hoshangabad-madhya-pradesh","district":"Hoshangabad","state":"Madhya Pradesh"}},
{"type":"Feature","geometry":{"type":"Polygon","coordinates":[[[82.937,22.122],[82.669,22.081],[82.594,22.263],[82.458,22.214],[82.351,22.327],[82.204,22.312],[82.138,22.455],[82.174,22.671],[82.134,22.854],[82.216,22.944],[82.385,22.999],[82.573,22.961],[82.559,22.856],[82.758,22.797],[83.013,22.639],[83.111,22.671],[83.114,22.422],[82.937,22.122]]]},"properties":{"id":"korba-chhattisgarh","district":"Korba","state":"Chhattisgarh"}},
{"type":"Feature","geometry":{"type":"Polygon","coordinates":[[[85.963,22.485],[86.029,22.334],[86.009,22.116],[85.897,21.984],[85.683,22.058],[85.397,22.164],[85.238,22.01],[85.029,22.122],[85.07,22.491],[85.073,22.568],[85.157,22.832],[85.341,22.883],[85.516,22.807],[85.646,22.851],[85.724,22.685],[85.865,22.712],[85.963,22.485]]]},"properties":{"id":"west-singhbhum-jharkhand","district":"West Singhbhum","state":"Jharkhand"}},
{"type":"Feature","geometry":{"type":"Polygon","coordinates":[[[88.238,22.544],[88.082,22.261],[87.998,22.245],[87.893,22.52],[87.853,22.595],[87.992,22.704],[88.35,22.654],[88.358,22.632],[88.238,22.544]]]},"properties":{"id":"howrah-west-bengal","district":"Howrah","state":"West Bengal"}},
{"type":"Feature","geometry":{"type":"Polygon","coordinates":[[[85.07,22.491],[84.75,22.419],[84.535,22.428],[84.429,22.352],[84.197,22.378],[84.012,22.528],[84.293,22.773],[84.449,22.836],[84.857,22.72],[84.98,22.785],[85.073,22.568],[85.07,22.491]]]},"properties":{"id":"simdega-jharkhand","district":"Simdega","state":"Jharkhand"}},
{"type":"Feature","geometry":{"type":"Polygon","coordinates":[[[88.414,22.557],[88.238,22.544],[88.358,22.632],[88.414,22.557]]]},"properties":{"id":"kolkata-west-bengal","district":"Kolkata","state":"West Bengal"}},
{"type":"Feature","geometry":{"type":"Polygon","coordinates":[[[85.374,24.554],[85.677,24.591],[85.738,24.82],[85.902,24.766],[85.773,24.611],[85.868,24.527],[85.85,24.274],[85.516,24.318],[85.331,24.51],[85.374,24.554]]]},"properties":{"id":"koderma-jharkhand","district":"Koderma","state":"Jharkhand"}},
{"type":"Feature","geometry":{"type":"Polygon","coordinates":[[[85.088,24.37],[85.331,24.51],[85.516,24.318],[85.85,24.274],[85.682,24.176],[85.914,23.949],[85.835,23.841],[85.643,23.955],[85.231,23.684],[85.053,23.712],[85.024,23.992],[85.201,23.956],[85.16,24.23],[85.088,24.37]]]},"properties":{"id":"hazaribagh-jharkhand","district":"Hazaribagh","state":"Jharkhand"}},
{"type":"Feature","geometry":{"type":"Polygon","coordinates":[[[85.645,25.917],[85.527,25.539],[85.312,25.513],[85.231,25.601],[85.165,25.838],[85.068,25.974],[85.175,26.012],[85.509,25.904],[85.645,25.917]]]},"properties":{"id":"vaishali-bihar","district":"Vaishali","state":"Bihar"}},
{"type":"Feature","geometry":{"type":"Polygon","coordinates":[[[85.735,25.525],[85.844,25.645],[86.084,25.745],[86.293,25.638],[86.283,25.543],[86.51,25.423],[86.263,25.28],[86.069,25.335],[85.89,25.499],[85.735,25.525]]]},"properties":{"id":"begusarai-bihar","district":"Begusarai","state":"Bihar"}},
{"type":"Feature","geometry":{"type":"Polygon","coordinates":[[[87.217,25.456],[87.552,25.331],[87.478,25.195],[87.327,25.224],[87.176,25.057],[87.014,25.11],[86.692,25.115],[86.726,25.254],[86.822,25.445],[87.101,25.519],[87.217,25.456]]]},"properties":{"id":"bhagalpur-bihar","district":"Bhagalpur","state":"Bihar"}},
{"type":"Feature","geometry":{"type":"Polygon","coordinates":[[[86.371,25.144],[86.119,24.974],[85.975,24.997],[85.902,25.257],[85.906,25.288],[86.069,25.335],[86.263,25.28],[86.371,25.144]]]},"properties":{"id":"lakhisarai-bihar","district":"Lakhisarai","state":"Bihar"}},
{"type":"Feature","geometry":{"type":"Polygon","coordinates":[[[85.975,24.997],[85.835,24.987],[85.634,25.097],[85.702,25.264],[85.902,25.257],[85.975,24.997]]]},"properties":{"id":"sheikhpura-bihar","district":"Sheikhpura","state":"Bihar"}},
{"type":"Feature","geometry":{"type":"Polygon","coordinates":[[[84.463,25.161],[84.708,25.309],[84.857,25.227],[84.856,25.062],[84.734,25.055],[84.448,25.128],[84.463,25.161]]]},"properties":{"id":"arwal-bihar","district":"Arwal","state":"Bihar"}},
{"type":"Feature","geometry":{"type":"Polygon","coordinates":[[[85.201,25.059],[85.09,24.993],[84.856,25.062],[84.857,25.227],[85.166,25.308],[85.201,25.059]]]},"properties":{"id":"jehanabad-bihar","district":"Jehanabad","state":"Bihar"}},
{"type":"Feature","geometry":{"type":"Polygon","coordinates":[[[85.634,25.097],[85.388,24.963],[85.201,25.059],[85.166,25.308],[85.179,25.403],[85.414,25.462],[85.906,25.288],[85.902,25.257],[85.702,25.264],[85.634,25.097]]]},"properties":{"id":"nalanda-bihar","district":"Nalanda","state":"Bihar"}},
{"type":"Feature","geometry":{"type":"Polygon","coordinates":[[[85.527,25.539],[85.735,25.525],[85.89,25.499],[86.069,25.335],[85.906,25.288],[85.414,25.462],[85.179,25.403],[85.166,25.308],[84.857,25.227],[84.708,25.309],[84.848,25.699],[84.995,25.73],[85.231,25.601],[85.312,25.513],[85.527,25.539]]]},"properties":{"id":"patna-bihar","district":"Patna","state":"Bihar"}},
{"type":"Feature","geometry":{"type":"Polygon","coordinates":[[[84.766,26.21],[84.897,26.215],[84.937,26.024],[85.068,25.974],[85.165,25.838],[85.231,25.601],[84.995,25.73],[84.848,25.699],[84.6,25.732],[84.472,25.882],[84.409,26.032],[84.704,26.082],[84.766,26.21]]]},"properties":{"id":"saran-bihar","district":"Saran","state":"Bihar"}},
{"type":"Feature","geometry":{"type":"Polygon","coordinates":[[[84.056,26.1],[84.157,26.376],[84.654,26.299],[84.766,26.21],[84.704,26.082],[84.409,26.032],[84.472,25.882],[84.056,26.1]]]},"properties":{"id":"siwan-bihar","district":"Siwan","state":"Bihar"}},
{"type":"Feature","geometry":{"type":"Polygon","coordinates":[[[85.29,26.354],[85.376,26.337],[85.504,26.381],[85.705,26.303],[85.712,26.089],[85.645,25.917],[85.509,25.904],[85.175,26.012],[85.068,25.974],[84.937,26.024],[84.897,26.215],[84.865,26.26],[85.045,26.342],[85.29,26.354]]]},"properties":{"id":"muzaffarpur-bihar","district":"Muzaffarpur","state":"Bihar"}},
{"type":"Feature","geometry":{"type":"Polygon","coordinates":[[[86.822,25.445],[86.798,25.635],[86.844,25.871],[86.712,25.866],[86.645,26.018],[86.789,26.09],[87.093,26.06],[87.079,25.965],[87.007,25.745],[87.101,25.519],[86.822,25.445]]]},"properties":{"id":"madhepura-bihar","district":"Madhepura","state":"Bihar"}},
{"type":"Feature","geometry":{"type":"Polygon","coordinates":[[[87.079,25.965],[87.093,26.06],[87.043,26.56],[87.162,26.405],[87.463,26.44],[87.659,26.38],[87.685,26.102],[87.518,25.974],[87.079,25.965]]]},"properties":{"id":"araria-bihar","district":"Araria","state":"Bihar"}},
{"type":"Feature","geometry":{"type":"Polygon","coordinates":[[[86.645,26.018],[86.437,26.072],[86.535,26.303],[86.723,26.425],[87.043,26.56],[87.093,26.06],[86.789,26.09],[86.645,26.018]]]},"properties":{"id":"supaul-bihar","district":"Supaul","state":"Bihar"}},
{"type":"Feature","geometry":{"type":"Polygon","coordinates":[[[85.767,26.436],[85.816,26.6],[86.029,26.666],[86.543,26.538],[86.723,26.425],[86.535,26.303],[86.437,26.072],[86.388,26.034],[86.33,26.156],[85.978,26.324],[85.816,26.293],[85.767,26.436]]]},"properties":{"id":"madhubani-bihar","district":"Madhubani","state":"Bihar"}},
{"type":"Feature","geometry":{"type":"Polygon","coordinates":[[[87.827,25.891],[87.83,25.787],[87.65,25.683],[87.241,25.697],[87.217,25.456],[87.101,25.519],[87.007,25.745],[87.079,25.965],[87.518,25.974],[87.685,26.102],[87.85,26.039],[87.827,25.891]]]},"properties":{"id":"purnia-bihar","district":"Purnia","state":"Bihar"}},
{"type":"Feature","geometry":{"type":"Polygon","coordinates":[[[82.498,23.784],[82.694,23.919],[82.782,23.817],[83.065,23.769],[83.198,23.685],[83.348,23.47],[83.207,23.378],[83.246,23.232],[82.853,22.987],[82.758,22.797],[82.559,22.856],[82.573,22.961],[82.577,23.127],[82.744,23.269],[82.582,23.545],[82.602,23.676],[82.498,23.784]]]},"properties":{"id":"surajpur-chhattisgarh","district":"Surajpur","state":"Chhattisgarh"}},
{"type":"Feature","geometry":{"type":"Polygon","coordinates":[[[83.409,22.641],[83.218,22.788],[83.111,22.671],[83.013,22.639],[82.758,22.797],[82.853,22.987],[83.246,23.232],[83.392,23.27],[83.555,23.17],[83.504,22.951],[83.646,22.826],[83.629,22.712],[83.409,22.641]]]},"properties":{"id":"surguja-chhattisgarh","district":"Surguja","state":"Chhattisgarh"}},
{"type":"Feature","geometry":{"type":"Polygon","coordinates":[[[73.378,23.904],[73.369,23.815],[73.656,23.621],[73.627,23.449],[73.525,23.285],[73.341,23.2],[73.272,23.059],[73.121,23.186],[73.012,23.16],[73.017,23.279],[73.103,23.324],[73.21,23.61],[73.125,23.707],[73.225,23.856],[73.378,23.904]]]},"properties":{"id":"aravalli-gujarat","district":"Aravalli","state":"Gujarat"}},
{"type":"Feature","geometry":{"type":"Polygon","coordinates":[[[73.627,23.449],[73.959,23.38],[73.982,23.338],[73.902,23.05],[73.674,23.103],[73.584,22.987],[73.422,22.944],[73.272,23.059],[73.341,23.2],[73.525,23.285],[73.627,23.449]]]},"properties":{"id":"mahisagar-gujarat","district":"Mahisagar","state":"Gujarat"}},
{"type":"Feature","geometry":{"type":"Polygon","coordinates":[[[81.345,26.544],[81.559,26.641],[81.698,26.544],[81.94,26.508],[81.853,26.284],[82.05,26.149],[82.048,26.058],[81.768,26.068],[81.6,26.144],[81.57,25.976],[81.446,25.935],[81.307,26.018],[81.408,26.315],[81.345,26.544]]]},"properties":{"id":"amethi-uttar-pradesh","district":"Amethi","state":"Uttar Pradesh"}},
{"type":"Feature","geometry":{"type":"Polygon","coordinates":[[[77.69,28.745],[77.566,28.652],[77.341,28.61],[77.222,28.831],[77.447,28.927],[77.684,28.874],[77.69,28.745]]]},"properties":{"id":"ghaziabad-uttar-pradesh","district":"Ghaziabad","state":"Uttar Pradesh"}},
{"type":"Feature","geometry":{"type":"Polygon","coordinates":[[[75.69,23.747],[75.938,23.897],[76.118,24.194],[76.213,24.209],[76.191,24.087],[76.303,23.96],[76.435,23.633],[76.155,23.57],[75.881,23.558],[75.69,23.747]]]},"properties":{"id":"agar-malwa-madhya-pradesh","district":"Agar Malwa","state":"Madhya Pradesh"}},
{"type":"Feature","geometry":{"type":"Polygon","coordinates":[[[78.305,28.438],[78.412,28.463],[78.407,28.782],[78.623,28.806],[78.872,28.468],[78.652,28.318],[78.579,28.063],[78.479,28.112],[78.312,28.274],[78.305,28.438]]]},"properties":{"id":"sambhal-uttar-pradesh","district":"Sambhal","state":"Uttar Pradesh"}},
{"type":"Feature","geometry":{"type":"Polygon","coordinates":[[[76.422,28.702],[76.292,28.468],[76.285,28.43],[75.906,28.433],[75.847,28.586],[76.133,28.687],[76.326,28.812],[76.422,28.702]]]},"properties":{"id":"charkhi-dadri-haryana","district":"Charkhi Dadri","state":"Haryana"}},
{"type":"Feature","geometry":{"type":"Polygon","coordinates":[[[89.852,26.698],[89.835,26.414],[89.391,26.462],[89.119,26.524],[89.043,26.632],[89.09,26.841],[89.375,26.854],[89.852,26.698]]]},"properties":{"id":"alipurduar-west-bengal","district":"Alipurduar","state":"West Bengal"}},
{"type":"Feature","geometry":{"type":"Polygon","coordinates":[[[87.085,23.812],[87.533,23.608],[87.449,23.402],[87.209,23.558],[86.902,23.639],[86.801,23.699],[86.801,23.834],[86.916,23.882],[87.085,23.812]]]},"properties":{"id":"paschim-bardhaman-west-bengal","district":"Paschim Bardhaman","state":"West Bengal"}},
{"type":"Feature","geometry":{"type":"Polygon","coordinates":[[[88.425,27.071],[88.532,27.176],[88.722,27.139],[88.865,27.109],[88.868,26.966],[88.479,26.88],[88.425,27.071]]]},"properties":{"id":"kalimpong-west-bengal","district":"Kalimpong","state":"West Bengal"}},
{"type":"Feature","geometry":{"type":"Polygon","coordinates":[[[74.974,26.891],[74.964,26.684],[75.167,26.464],[75.112,26.288],[75.317,25.767],[75.107,25.697],[75.017,25.859],[74.616,25.904],[74.389,25.963],[74.285,25.884],[74.182,25.848],[74.107,25.856],[74.181,26.032],[74.367,26.192],[74.291,26.449],[74.67,26.596],[74.852,26.979],[74.974,26.891]]]},"properties":{"id":"ajmer-rajasthan","district":"Ajmer","state":"Rajasthan"}},
{"type":"Feature","geometry":{"type":"Polygon","coordinates":[[[89.835,26.414],[89.843,26.383],[89.729,26.171],[89.541,26.006],[89.349,26.01],[89.154,26.139],[89.096,26.391],[88.927,26.284],[88.76,26.329],[88.962,26.538],[89.119,26.524],[89.391,26.462],[89.835,26.414]]]},"properties":{"id":"cooch-behar-west-bengal","district":"Cooch Behar","state":"West Bengal"}},
{"type":"Feature","geometry":{"type":"Polygon","coordinates":[[[88.24,26.458],[88.333,26.497],[88.485,26.461],[88.352,26.222],[88.179,26.149],[88.093,25.93],[88.446,25.595],[88.167,25.426],[88.269,25.304],[88.15,25.272],[88.067,25.484],[87.893,25.866],[87.827,25.891],[87.85,26.039],[88.28,26.331],[88.24,26.458]]]},"properties":{"id":"uttar-dinajpur-west-bengal","district":"Uttar Dinajpur","state":"West Bengal"}},
{"type":"Feature","geometry":{"type":"MultiPolygon","coordinates":[[[[78.39,25.206],[78.447,25.122],[78.374,25.099],[78.39,25.206]]],[[[78.627,26.157],[78.886,25.913],[78.658,25.559],[78.452,25.572],[78.296,25.786],[78.585,26.006],[78.627,26.157]]]]},"properties":{"id":"datia-madhya-pradesh","district":"Datia","state":"Madhya Pradesh"}},
{"type":"Feature","geometry":{"type":"Polygon","coordinates":[[[74.054,25.83],[74.107,25.856],[74.182,25.848],[74.022,25.348],[74.048,25.238],[74.263,25.066],[74.142,24.882],[73.994,24.921],[73.671,24.77],[73.473,25.026],[73.488,25.104],[73.742,25.393],[73.908,25.684],[74.054,25.83]]]},"properties":{"id":"rajsamand-rajasthan","district":"Rajsamand","state":"Rajasthan"}},
{"type":"Feature","geometry":{"type":"Polygon","coordinates":[[[79.28,25.324],[79.394,25.519],[79.64,25.485],[79.787,25.59],[80.074,25.588],[80.215,25.515],[80.105,25.35],[79.673,25.121],[79.28,25.324]]]},"properties":{"id":"mahoba-uttar-pradesh","district":"Mahoba","state":"Uttar Pradesh"}},
{"type":"Feature","geometry":{"type":"Polygon","coordinates":[[[79.28,25.324],[79.673,25.121],[80.105,25.35],[80.311,25.286],[80.43,25.174],[80.264,25.024],[80.079,24.799],[79.894,24.697],[79.886,24.374],[79.796,24.374],[79.566,24.428],[79.413,24.351],[79.383,24.196],[79.144,24.102],[79.054,24.171],[79.233,24.334],[79.181,24.433],[78.991,24.417],[78.985,24.442],[79.091,24.633],[79.303,24.688],[79.345,24.904],[79.323,25.15],[79.28,25.324]]]},"properties":{"id":"chhatarpur-madhya-pradesh","district":"Chhatarpur","state":"Madhya Pradesh"}},
{"type":"Feature","geometry":{"type":"MultiPolygon","coordinates":[[[[75.352,25.019],[75.451,25.049],[75.537,25.015],[75.75,24.886],[75.785,24.762],[75.549,24.703],[75.184,24.748],[75.352,25.019]]],[[[74.263,25.066],[74.387,25.181],[74.795,25.152],[75.191,25.037],[75.116,24.877],[74.959,24.858],[74.993,24.693],[74.697,24.483],[74.593,24.509],[74.519,24.286],[74.43,24.257],[74.367,24.283],[74.271,24.576],[74.104,24.734],[74.142,24.882],[74.263,25.066]]]]},"properties":{"id":"chittorgarh-rajasthan","district":"Chittorgarh","state":"Rajasthan"}},
{"type":"Feature","geometry":{"type":"Polygon","coordinates":[[[80.264,25.024],[80.478,24.976],[80.603,24.831],[80.377,24.681],[80.47,24.613],[80.461,24.437],[80.632,24.175],[80.359,23.969],[80.307,23.91],[80.053,23.992],[79.865,23.828],[79.767,24.042],[79.858,24.299],[79.796,24.374],[79.886,24.374],[79.894,24.697],[80.079,24.799],[80.264,25.024]]]},"properties":{"id":"panna-madhya-pradesh","district":"Panna","state":"Madhya Pradesh"}},
{"type":"Feature","geometry":{"type":"Polygon","coordinates":[[[72.959,24.36],[73.002,24.48],[73.151,24.355],[73.067,24.194],[73.214,24.077],[73.405,24.042],[73.378,23.904],[73.225,23.856],[73.125,23.707],[73.21,23.61],[73.103,23.324],[73.017,23.279],[72.734,23.404],[72.798,23.501],[72.835,23.672],[72.789,23.833],[72.867,24.025],[72.924,24.04],[72.957,24.158],[73.028,24.274],[72.959,24.36]]]},"properties":{"id":"sabarkantha-gujarat","district":"Sabarkantha","state":"Gujarat"}},
{"type":"Feature","geometry":{"type":"Polygon","coordinates":[[[71.112,24.675],[71.188,24.651],[71.287,24.616],[71.26,24.534],[71.349,24.517],[71.295,24.301],[71.319,23.984],[71.101,23.903],[71.081,23.599],[71.376,23.65],[71.534,23.479],[71.67,23.142],[71.309,23.171],[71.122,23.206],[70.689,23.118],[70.312,23.215],[70.081,22.92],[69.648,22.796],[69.131,22.874],[68.633,23.17],[68.55,23.356],[68.4,23.42],[68.31,23.578],[68.142,23.602],[68.209,23.875],[68.339,23.966],[68.754,23.971],[68.764,24.296],[68.946,24.303],[69.194,24.237],[69.595,24.293],[69.732,24.171],[70.026,24.171],[70.11,24.294],[70.573,24.422],[70.572,24.252],[70.806,24.22],[70.986,24.366],[70.986,24.596],[71.112,24.675]]]},"properties":{"id":"kutch-gujarat","district":"Kutch","state":"Gujarat"}},
{"type":"Feature","geometry":{"type":"Polygon","coordinates":[[[71.862,22.371],[71.532,22.342],[71.437,22.261],[71.235,22.276],[71.159,22.165],[70.982,22.415],[71.082,22.403],[71.162,22.683],[71.347,23.098],[71.309,23.171],[71.67,23.142],[71.534,23.479],[71.862,23.471],[71.969,23.526],[71.989,23.489],[71.87,23.382],[71.919,23.065],[72.057,22.796],[72.034,22.507],[71.862,22.371]]]},"properties":{"id":"surendranagar-gujarat","district":"Surendranagar","state":"Gujarat"}},
{"type":"Feature","geometry":{"type":"Polygon","coordinates":[[[73.35,22.792],[73.219,22.628],[73.003,22.723],[72.917,22.595],[72.74,22.646],[72.653,22.5],[72.509,22.61],[72.521,22.796],[72.838,22.997],[73.012,23.16],[73.121,23.186],[73.272,23.059],[73.422,22.944],[73.35,22.792]]]},"properties":{"id":"kheda-gujarat","district":"Kheda","state":"Gujarat"}},
{"type":"Feature","geometry":{"type":"Polygon","coordinates":[[[73.219,22.628],[73.047,22.363],[72.947,22.293],[72.659,22.279],[72.376,22.315],[72.376,22.473],[72.509,22.61],[72.653,22.5],[72.74,22.646],[72.917,22.595],[73.003,22.723],[73.219,22.628]]]},"properties":{"id":"anand-gujarat","district":"Anand","state":"Gujarat"}},
{"type":"Feature","geometry":{"type":"Polygon","coordinates":[[[88.11,26.548],[88.24,26.458],[88.28,26.331],[87.85,26.039],[87.685,26.102],[87.659,26.38],[87.848,26.436],[88.034,26.392],[88.11,26.548]]]},"properties":{"id":"kishanganj-bihar","district":"Kishanganj","state":"Bihar"}},
{"type":"Feature","geometry":{"type":"Polygon","coordinates":[[[70.982,22.415],[70.694,22.437],[70.581,22.604],[70.645,22.863],[70.497,22.933],[70.689,23.118],[71.122,23.206],[71.309,23.171],[71.347,23.098],[71.162,22.683],[71.082,22.403],[70.982,22.415]]]},"properties":{"id":"morbi-gujarat","district":"Morbi","state":"Gujarat"}},
{"type":"Feature","geometry":{"type":"Polygon","coordinates":[[[78.398,32.525],[78.387,32.757],[78.016,32.62],[77.741,32.969],[77.338,32.817],[77.274,32.874],[77.277,32.995],[77.478,33.274],[77.442,33.492],[77.3,33.485],[77.208,33.637],[76.759,33.805],[76.516,33.945],[76.688,34.08],[76.562,34.571],[76.421,34.721],[76.133,34.663],[75.973,34.734],[75.893,34.545],[75.6,34.502],[75.384,34.362],[75.375,34.388],[75.239,34.629],[74.733,34.671],[74.601,34.737],[74.32,34.787],[74.567,34.873],[74.486,35.11],[74.252,35.037],[74.147,35.097],[73.795,35.244],[73.7,35.357],[73.785,35.525],[73.407,35.563],[73.136,35.719],[73.089,35.882],[72.69,35.833],[72.534,35.917],[72.595,36.262],[72.778,36.31],[72.991,36.457],[73.125,36.687],[73.44,36.744],[73.7,36.684],[73.863,36.787],[74.055,36.806],[74.428,36.989],[74.708,37.077],[74.921,36.905],[75.343,37.052],[75.473,36.81],[75.615,36.761],[75.748,36.588],[76.351,36.359],[76.481,36.211],[76.643,36.183],[76.8,36.047],[76.722,35.952],[76.935,35.783],[77.43,35.654],[77.435,35.517],[77.612,35.468],[77.965,35.572],[78.137,35.539],[78.271,35.721],[78.52,35.763],[78.664,35.858],[78.959,35.892],[79.131,35.836],[79.215,35.979],[79.869,35.782],[79.998,35.837],[80.106,35.68],[80.29,35.607],[80.326,35.47],[80.181,35.166],[80.173,35.002],[80.068,34.714],[79.774,34.627],[79.793,34.484],[79.507,34.475],[79.591,34.282],[79.354,34.036],[79.02,34.051],[78.904,33.976],[79.106,33.617],[78.913,33.574],[78.988,33.334],[79.453,33.258],[79.375,33.085],[79.421,32.961],[79.626,32.74],[79.447,32.532],[79.319,32.593],[79.114,32.384],[78.981,32.338],[78.857,32.44],[78.761,32.654],[78.398,32.525]]]},"properties":{"id":"leh-ladakh","district":"Leh","state":"Ladakh"}},
{"type":"Feature","geometry":{"type":"Polygon","coordinates":[[[75.384,34.362],[75.6,34.502],[75.893,34.545],[75.973,34.734],[76.133,34.663],[76.421,34.721],[76.562,34.571],[76.688,34.08],[76.516,33.945],[76.759,33.805],[77.208,33.637],[77.3,33.485],[77.442,33.492],[77.478,33.274],[77.277,32.995],[77.274,32.874],[77.15,32.977],[76.933,33.028],[76.773,33.251],[76.502,33.516],[76.309,33.571],[76.265,33.742],[76.022,33.998],[75.864,33.978],[75.595,34.198],[75.497,34.234],[75.384,34.362]]]},"properties":{"id":"kargil-ladakh","district":"Kargil","state":"Ladakh"}},
{"type":"Feature","geometry":{"type":"Polygon","coordinates":[[[74.32,34.787],[74.601,34.737],[74.43,34.433],[74.347,34.347],[73.994,34.257],[73.893,34.45],[73.977,34.686],[74.158,34.684],[74.32,34.787]]]},"properties":{"id":"kupwara-jammu-and-kashmir","district":"Kupwara","state":"Jammu and Kashmir"}},
{"type":"Feature","geometry":{"type":"Polygon","coordinates":[[[74.601,34.737],[74.733,34.671],[75.239,34.629],[75.375,34.388],[75.149,34.345],[75.017,34.436],[74.745,34.314],[74.701,34.184],[74.685,34.178],[74.551,34.242],[74.43,34.433],[74.601,34.737]]]},"properties":{"id":"bandipora-jammu-and-kashmir","district":"Bandipora","state":"Jammu and Kashmir"}},
{"type":"Feature","geometry":{"type":"Polygon","coordinates":[[[73.994,34.257],[74.347,34.347],[74.43,34.433],[74.551,34.242],[74.685,34.178],[74.693,34.138],[74.416,33.908],[74.246,34.021],[73.895,34.065],[73.994,34.257]]]},"properties":{"id":"baramulla-jammu-and-kashmir","district":"Baramulla","state":"Jammu and Kashmir"}},
{"type":"Feature","geometry":{"type":"Polygon","coordinates":[[[75.375,34.388],[75.384,34.362],[75.497,34.234],[75.269,34.256],[75.106,34.167],[74.701,34.184],[74.745,34.314],[75.017,34.436],[75.149,34.345],[75.375,34.388]]]},"properties":{"id":"ganderbal-jammu-and-kashmir","district":"Ganderbal","state":"Jammu and Kashmir"}},
{"type":"Feature","geometry":{"type":"Polygon","coordinates":[[[75.497,34.234],[75.595,34.198],[75.395,33.903],[75.522,33.716],[75.473,33.399],[75.383,33.364],[75.152,33.556],[75.031,33.78],[75.043,33.813],[75.193,33.904],[75.15,34.085],[75.106,34.167],[75.269,34.256],[75.497,34.234]]]},"properties":{"id":"anantnag-jammu-and-kashmir","district":"Anantnag","state":"Jammu and Kashmir"}},
{"type":"Feature","geometry":{"type":"Polygon","coordinates":[[[75.595,34.198],[75.864,33.978],[76.022,33.998],[76.265,33.742],[76.309,33.571],[76.502,33.516],[76.773,33.251],[76.748,33.18],[76.41,33.186],[76.222,33.021],[75.604,33.257],[75.473,33.399],[75.522,33.716],[75.395,33.903],[75.595,34.198]]]},"properties":{"id":"kishtwar-jammu-and-kashmir","district":"Kishtwar","state":"Jammu and Kashmir"}},
{"type":"Feature","geometry":{"type":"Polygon","coordinates":[[[74.685,34.178],[74.701,34.184],[75.106,34.167],[75.15,34.085],[74.915,34.021],[74.693,34.138],[74.685,34.178]]]},"properties":{"id":"srinagar-jammu-and-kashmir","district":"Srinagar","state":"Jammu and Kashmir"}},
{"type":"Feature","geometry":{"type":"Polygon","coordinates":[[[74.416,33.908],[74.693,34.138],[74.915,34.021],[74.716,33.805],[74.567,33.692],[74.543,33.681],[74.416,33.908]]]},"properties":{"id":"budgam-jammu-and-kashmir","district":"Budgam","state":"Jammu and Kashmir"}},
{"type":"Feature","geometry":{"type":"Polygon","coordinates":[[[75.15,34.085],[75.193,33.904],[75.043,33.813],[74.716,33.805],[74.915,34.021],[75.15,34.085]]]},"properties":{"id":"pulwama-jammu-and-kashmir","district":"Pulwama","state":"Jammu and Kashmir"}},
{"type":"Feature","geometry":{"type":"Polygon","coordinates":[[[73.895,34.065],[74.246,34.021],[74.416,33.908],[74.543,33.681],[74.574,33.508],[74.422,33.567],[74.21,33.545],[74.167,33.412],[74.147,33.54],[73.953,33.622],[73.703,33.622],[73.598,33.713],[73.589,33.883],[73.488,34.145],[73.653,34.063],[73.895,34.065]]]},"properties":{"id":"punch-jammu-and-kashmir","district":"Punch","state":"Jammu and Kashmir"}},
{"type":"Feature","geometry":{"type":"Polygon","coordinates":[[[75.043,33.813],[75.031,33.78],[74.87,33.624],[74.567,33.692],[74.716,33.805],[75.043,33.813]]]},"properties":{"id":"shopiyan-jammu-and-kashmir","district":"Shopiyan","state":"Jammu and Kashmir"}},
{"type":"Feature","geometry":{"type":"Polygon","coordinates":[[[75.152,33.556],[75.023,33.498],[74.626,33.496],[74.574,33.508],[74.543,33.681],[74.567,33.692],[74.87,33.624],[75.031,33.78],[75.152,33.556]]]},"properties":{"id":"kulgam-jammu-and-kashmir","district":"Kulgam","state":"Jammu and Kashmir"}},
{"type":"Feature","geometry":{"type":"Polygon","coordinates":[[[74.167,33.412],[74.21,33.545],[74.422,33.567],[74.574,33.508],[74.626,33.496],[74.691,33.241],[74.571,33.028],[74.334,32.954],[74.002,33.218],[74.167,33.412]]]},"properties":{"id":"rajouri-jammu-and-kashmir","district":"Rajouri","state":"Jammu and Kashmir"}},
{"type":"Feature","geometry":{"type":"Polygon","coordinates":[[[75.152,33.556],[75.383,33.364],[75.357,33.07],[75.092,33.186],[75.023,33.498],[75.152,33.556]]]},"properties":{"id":"ramban-jammu-and-kashmir","district":"Ramban","state":"Jammu and Kashmir"}},
{"type":"Feature","geometry":{"type":"Polygon","coordinates":[[[74.626,33.496],[75.023,33.498],[75.092,33.186],[74.98,32.928],[74.737,33.06],[74.571,33.028],[74.691,33.241],[74.626,33.496]]]},"properties":{"id":"reasi-jammu-and-kashmir","district":"Reasi","state":"Jammu and Kashmir"}},
{"type":"Feature","geometry":{"type":"Polygon","coordinates":[[[75.383,33.364],[75.473,33.399],[75.604,33.257],[76.222,33.021],[75.954,32.873],[75.802,32.885],[75.682,32.862],[75.357,33.07],[75.383,33.364]]]},"properties":{"id":"doda-jammu-and-kashmir","district":"Doda","state":"Jammu and Kashmir"}},
{"type":"Feature","geometry":{"type":"Polygon","coordinates":[[[77.274,32.874],[77.338,32.817],[77.741,32.969],[78.016,32.62],[78.387,32.757],[78.398,32.525],[78.534,32.414],[78.482,32.279],[78.673,32.078],[78.449,32.06],[78.42,31.935],[78.201,31.933],[78.028,31.759],[77.863,31.781],[77.744,32.091],[77.152,32.415],[77.074,32.399],[76.866,32.463],[76.595,32.637],[76.491,32.801],[76.786,32.953],[76.748,33.18],[76.773,33.251],[76.933,33.028],[77.15,32.977],[77.274,32.874]]]},"properties":{"id":"lahaul-and-spiti-himachal-pradesh","district":"Lahaul and Spiti","state":"Himachal Pradesh"}},
{"type":"Feature","geometry":{"type":"Polygon","coordinates":[[[76.222,33.021],[76.41,33.186],[76.748,33.18],[76.786,32.953],[76.491,32.801],[76.595,32.637],[76.866,32.463],[76.666,32.176],[76.222,32.395],[76.162,32.3],[75.932,32.395],[75.837,32.511],[75.924,32.748],[75.802,32.885],[75.954,32.873],[76.222,33.021]]]},"properties":{"id":"chamba-himachal-pradesh","district":"Chamba","state":"Himachal Pradesh"}},
{"type":"Feature","geometry":{"type":"Polygon","coordinates":[[[74.334,32.954],[74.571,33.028],[74.737,33.06],[74.98,32.928],[75.092,32.716],[74.898,32.646],[74.889,32.521],[74.681,32.492],[74.659,32.788],[74.447,32.789],[74.334,32.954]]]},"properties":{"id":"jammu-jammu-and-kashmir","district":"Jammu","state":"Jammu and Kashmir"}},
{"type":"Feature","geometry":{"type":"Polygon","coordinates":[[[75.682,32.862],[75.802,32.885],[75.924,32.748],[75.837,32.511],[75.513,32.308],[75.341,32.346],[75.205,32.418],[75.285,32.642],[75.682,32.862]]]},"properties":{"id":"kathua-jammu-and-kashmir","district":"Kathua","state":"Jammu and Kashmir"}},
{"type":"Feature","geometry":{"type":"Polygon","coordinates":[[[75.379,32.183],[75.601,32.093],[75.598,32.082],[75.568,31.801],[75.476,31.649],[75.404,31.593],[74.97,31.831],[74.913,32.044],[75.175,32.067],[75.379,32.183]]]},"properties":{"id":"gurdaspur-punjab","district":"Gurdaspur","state":"Punjab"}},
{"type":"Feature","geometry":{"type":"Polygon","coordinates":[[[76.866,32.463],[77.074,32.399],[76.936,32.062],[76.662,32.014],[76.64,31.872],[76.557,31.886],[76.312,31.722],[75.961,31.857],[75.91,31.95],[75.598,32.082],[75.601,32.093],[75.638,32.252],[75.932,32.395],[76.162,32.3],[76.222,32.395],[76.666,32.176],[76.866,32.463]]]},"properties":{"id":"kangra-himachal-pradesh","district":"Kangra","state":"Himachal Pradesh"}},
{"type":"Feature","geometry":{"type":"Polygon","coordinates":[[[77.074,32.399],[77.152,32.415],[77.744,32.091],[77.863,31.781],[77.748,31.714],[77.629,31.39],[77.383,31.361],[77.303,31.669],[77.178,31.842],[77.059,31.86],[76.936,32.062],[77.074,32.399]]]},"properties":{"id":"kullu-himachal-pradesh","district":"Kullu","state":"Himachal Pradesh"}},
{"type":"Feature","geometry":{"type":"Polygon","coordinates":[[[75.476,31.649],[75.568,31.801],[75.598,32.082],[75.91,31.95],[75.961,31.857],[76.017,31.632],[76.201,31.303],[76.289,31.307],[76.331,31.223],[76.138,31.146],[75.89,31.275],[75.788,31.365],[75.8,31.454],[75.598,31.605],[75.476,31.649]]]},"properties":{"id":"hoshiarpur-punjab","district":"Hoshiarpur","state":"Punjab"}},
{"type":"Feature","geometry":{"type":"Polygon","coordinates":[[[74.913,32.044],[74.97,31.831],[75.404,31.593],[75.291,31.491],[74.844,31.531],[74.612,31.5],[74.503,31.74],[74.667,31.923],[74.913,32.044]]]},"properties":{"id":"amritsar-punjab","district":"Amritsar","state":"Punjab"}},
{"type":"Feature","geometry":{"type":"Polygon","coordinates":[[[76.64,31.872],[76.662,32.014],[76.936,32.062],[77.059,31.86],[77.178,31.842],[77.303,31.669],[77.383,31.361],[77.155,31.23],[77.031,31.273],[76.877,31.351],[76.731,31.582],[76.64,31.872]]]},"properties":{"id":"mandi-himachal-pradesh","district":"Mandi","state":"Himachal Pradesh"}},
{"type":"Feature","geometry":{"type":"Polygon","coordinates":[[[77.863,31.781],[78.028,31.759],[78.201,31.933],[78.42,31.935],[78.449,32.06],[78.673,32.078],[78.782,31.993],[78.705,31.775],[78.846,31.608],[78.735,31.537],[78.75,31.366],[78.881,31.284],[78.809,31.199],[78.484,31.199],[78.311,31.284],[78.101,31.42],[77.84,31.506],[77.748,31.714],[77.863,31.781]]]},"properties":{"id":"kinnaur-himachal-pradesh","district":"Kinnaur","state":"Himachal Pradesh"}},
{"type":"Feature","geometry":{"type":"Polygon","coordinates":[[[75.961,31.857],[76.312,31.722],[76.462,31.487],[76.392,31.413],[76.289,31.307],[76.201,31.303],[76.017,31.632],[75.961,31.857]]]},"properties":{"id":"una-himachal-pradesh","district":"Una","state":"Himachal Pradesh"}},
{"type":"Feature","geometry":{"type":"Polygon","coordinates":[[[77.383,31.361],[77.629,31.39],[77.748,31.714],[77.84,31.506],[78.101,31.42],[78.311,31.284],[77.967,31.174],[77.829,31.029],[77.806,30.853],[77.704,30.764],[77.493,30.796],[77.38,31.021],[77.247,30.919],[77.048,31.115],[77.031,31.273],[77.155,31.23],[77.383,31.361]]]},"properties":{"id":"shimla-himachal-pradesh","district":"Shimla","state":"Himachal Pradesh"}},
{"type":"Feature","geometry":{"type":"Polygon","coordinates":[[[75.598,31.605],[75.8,31.454],[75.788,31.365],[75.798,31.216],[75.953,31.01],[75.594,30.969],[75.36,30.994],[75.147,31.091],[75.078,31.148],[75.418,31.249],[75.598,31.605]]]},"properties":{"id":"jalandhar-punjab","district":"Jalandhar","state":"Punjab"}},
{"type":"Feature","geometry":{"type":"Polygon","coordinates":[[[74.612,31.5],[74.844,31.531],[75.291,31.491],[74.965,31.153],[74.708,31.072],[74.511,31.133],[74.612,31.5]]]},"properties":{"id":"tarn-taran-punjab","district":"Tarn Taran","state":"Punjab"}},
{"type":"Feature","geometry":{"type":"Polygon","coordinates":[[[76.331,31.223],[76.289,31.307],[76.392,31.413],[76.646,31.21],[76.624,30.999],[76.733,30.937],[76.531,30.768],[76.32,30.878],[76.306,30.991],[76.494,30.976],[76.331,31.223]]]},"properties":{"id":"rupnagar-punjab","district":"Rupnagar","state":"Punjab"}},
{"type":"Feature","geometry":{"type":"Polygon","coordinates":[[[78.311,31.284],[78.484,31.199],[78.809,31.199],[78.881,31.284],[79.072,31.456],[79.233,31.333],[79.407,31.073],[79.225,30.811],[79.274,30.724],[79.033,30.809],[78.6,30.672],[78.546,30.533],[78.394,30.506],[78.277,30.611],[78.013,30.617],[78.079,30.741],[77.829,31.029],[77.967,31.174],[78.311,31.284]]]},"properties":{"id":"uttarkashi-uttarakhand","district":"Uttarkashi","state":"Uttarakhand"}},
{"type":"Feature","geometry":{"type":"Polygon","coordinates":[[[76.877,31.351],[77.031,31.273],[77.048,31.115],[77.247,30.919],[77.025,30.749],[76.916,30.9],[76.777,30.904],[76.733,30.937],[76.624,30.999],[76.646,31.21],[76.84,31.232],[76.877,31.351]]]},"properties":{"id":"solan-himachal-pradesh","district":"Solan","state":"Himachal Pradesh"}},
{"type":"Feature","geometry":{"type":"Polygon","coordinates":[[[75.89,31.275],[76.138,31.146],[76.331,31.223],[76.494,30.976],[76.306,30.991],[75.953,31.01],[75.798,31.216],[75.89,31.275]]]},"properties":{"id":"shahid-bhagat-singh-nagar-punjab","district":"Shahid Bhagat Singh Nagar","state":"Punjab"}},
{"type":"Feature","geometry":{"type":"Polygon","coordinates":[[[74.448,29.947],[74.298,29.954],[73.895,29.974],[73.968,30.194],[73.879,30.36],[74.216,30.691],[74.416,30.614],[74.358,30.24],[74.448,29.947]]]},"properties":{"id":"fazilka-punjab","district":"Fazilka","state":"Punjab"}},
{"type":"Feature","geometry":{"type":"Polygon","coordinates":[[[75.147,31.091],[75.36,30.994],[75.409,30.584],[75.297,30.517],[75.02,30.491],[74.905,30.737],[74.951,30.892],[75.147,31.091]]]},"properties":{"id":"moga-punjab","district":"Moga","state":"Punjab"}},
{"type":"Feature","geometry":{"type":"Polygon","coordinates":[[[75.36,30.994],[75.594,30.969],[75.953,31.01],[76.306,30.991],[76.32,30.878],[76.303,30.679],[76.086,30.562],[75.88,30.676],[75.684,30.591],[75.409,30.584],[75.36,30.994]]]},"properties":{"id":"ludhiana-punjab","district":"Ludhiana","state":"Punjab"}},
{"type":"Feature","geometry":{"type":"Polygon","coordinates":[[[79.274,30.724],[79.225,30.811],[79.407,31.073],[79.602,30.933],[79.732,30.979],[80.102,30.789],[79.987,30.319],[79.764,30.133],[79.813,30.023],[79.472,29.979],[79.23,29.975],[79.077,30.221],[79.167,30.447],[79.348,30.65],[79.274,30.724]]]},"properties":{"id":"chamoli-uttarakhand","district":"Chamoli","state":"Uttarakhand"}},
{"type":"Feature","geometry":{"type":"Polygon","coordinates":[[[77.704,30.764],[77.806,30.853],[77.829,31.029],[78.079,30.741],[78.013,30.617],[78.134,30.343],[78.277,30.272],[78.302,30.112],[78.202,29.967],[78.069,30.042],[77.959,30.242],[77.575,30.401],[77.815,30.506],[77.704,30.764]]]},"properties":{"id":"dehradun-uttarakhand","district":"Dehradun","state":"Uttarakhand"}},
{"type":"Feature","geometry":{"type":"Polygon","coordinates":[[[77.247,30.919],[77.38,31.021],[77.493,30.796],[77.704,30.764],[77.815,30.506],[77.575,30.401],[77.58,30.379],[77.208,30.488],[77.123,30.563],[77.025,30.749],[77.247,30.919]]]},"properties":{"id":"sirmaur-himachal-pradesh","district":"Sirmaur","state":"Himachal Pradesh"}},
{"type":"Feature","geometry":{"type":"Polygon","coordinates":[[[76.531,30.768],[76.733,30.937],[76.777,30.904],[76.838,30.754],[76.71,30.761],[76.739,30.693],[76.828,30.682],[76.907,30.459],[76.748,30.429],[76.635,30.62],[76.531,30.768]]]},"properties":{"id":"s-a-s-nagar-punjab","district":"S.A.S. Nagar","state":"Punjab"}},
{"type":"Feature","geometry":{"type":"Polygon","coordinates":[[[74.905,30.737],[75.02,30.491],[74.821,30.393],[74.71,30.559],[74.5,30.666],[74.624,30.837],[74.905,30.737]]]},"properties":{"id":"faridkot-punjab","district":"Faridkot","state":"Punjab"}},
{"type":"Feature","geometry":{"type":"Polygon","coordinates":[[[76.32,30.878],[76.531,30.768],[76.635,30.62],[76.435,30.444],[76.23,30.57],[76.086,30.537],[76.086,30.562],[76.303,30.679],[76.32,30.878]]]},"properties":{"id":"fatehgarh-sahib-punjab","district":"Fatehgarh Sahib","state":"Punjab"}},
{"type":"Feature","geometry":{"type":"Polygon","coordinates":[[[78.013,30.617],[78.277,30.611],[78.394,30.506],[78.546,30.533],[78.6,30.672],[79.033,30.809],[78.91,30.691],[78.835,30.357],[78.9,30.244],[78.647,30.207],[78.511,30.055],[78.302,30.112],[78.277,30.272],[78.134,30.343],[78.013,30.617]]]},"properties":{"id":"tehri-garhwal-uttarakhand","district":"Tehri Garhwal","state":"Uttarakhand"}},
{"type":"Feature","geometry":{"type":"Polygon","coordinates":[[[76.828,30.682],[76.739,30.693],[76.71,30.761],[76.838,30.754],[76.828,30.682]]]},"properties":{"id":"chandigarh-chandigarh","district":"Chandigarh","state":"Chandigarh"}},
{"type":"Feature","geometry":{"type":"Polygon","coordinates":[[[74.448,29.947],[74.358,30.24],[74.416,30.614],[74.5,30.666],[74.71,30.559],[74.821,30.393],[74.723,30.309],[74.705,29.975],[74.526,29.941],[74.448,29.947]]]},"properties":{"id":"sri-muktsar-sahib-punjab","district":"Sri Muktsar Sahib","state":"Punjab"}},
{"type":"Feature","geometry":{"type":"Polygon","coordinates":[[[79.033,30.809],[79.274,30.724],[79.348,30.65],[79.167,30.447],[79.077,30.221],[78.9,30.244],[78.835,30.357],[78.91,30.691],[79.033,30.809]]]},"properties":{"id":"rudraprayag-uttarakhand","district":"Rudraprayag","state":"Uttarakhand"}},
{"type":"Feature","geometry":{"type":"Polygon","coordinates":[[[79.987,30.319],[80.102,30.789],[80.25,30.745],[80.213,30.584],[80.608,30.471],[80.929,30.174],[80.554,29.85],[80.366,29.74],[80.409,29.596],[80.242,29.444],[80.076,29.521],[79.891,29.712],[80.054,29.902],[80.115,30.227],[79.987,30.319]]]},"properties":{"id":"pithoragarh-uttarakhand","district":"Pithoragarh","state":"Uttarakhand"}},
{"type":"Feature","geometry":{"type":"Polygon","coordinates":[[[75.684,30.591],[75.88,30.676],[76.086,30.562],[76.086,30.537],[75.988,30.341],[76.165,30.24],[75.984,29.906],[76.098,29.81],[75.947,29.729],[75.72,29.814],[75.688,30.012],[75.577,30.144],[75.728,30.273],[75.684,30.591]]]},"properties":{"id":"sangrur-punjab","district":"Sangrur","state":"Punjab"}},
{"type":"Feature","geometry":{"type":"Polygon","coordinates":[[[75.297,30.517],[75.409,30.584],[75.684,30.591],[75.728,30.273],[75.577,30.144],[75.369,30.2],[75.254,30.464],[75.297,30.517]]]},"properties":{"id":"barnala-punjab","district":"Barnala","state":"Punjab"}},
{"type":"Feature","geometry":{"type":"Polygon","coordinates":[[[75.02,30.491],[75.297,30.517],[75.254,30.464],[75.369,30.2],[75.253,30.106],[75.191,29.844],[74.997,29.868],[74.812,29.993],[74.705,29.975],[74.723,30.309],[74.821,30.393],[75.02,30.491]]]},"properties":{"id":"bathinda-punjab","district":"Bathinda","state":"Punjab"}},
{"type":"Feature","geometry":{"type":"Polygon","coordinates":[[[76.635,30.62],[76.748,30.429],[76.562,30.242],[76.643,30.15],[76.467,30.099],[76.254,30.089],[76.214,29.84],[76.098,29.81],[75.984,29.906],[76.165,30.24],[75.988,30.341],[76.086,30.537],[76.23,30.57],[76.435,30.444],[76.635,30.62]]]},"properties":{"id":"patiala-punjab","district":"Patiala","state":"Punjab"}},
{"type":"Feature","geometry":{"type":"Polygon","coordinates":[[[77.208,30.488],[77.58,30.379],[77.583,30.308],[77.227,29.939],[77.12,29.991],[77.065,30.126],[77.208,30.488]]]},"properties":{"id":"yamunanagar-haryana","district":"Yamunanagar","state":"Haryana"}},
{"type":"Feature","geometry":{"type":"Polygon","coordinates":[[[77.575,30.401],[77.959,30.242],[77.802,30.096],[77.716,29.886],[77.82,29.674],[77.741,29.609],[77.487,29.634],[77.152,29.688],[77.227,29.939],[77.583,30.308],[77.58,30.379],[77.575,30.401]]]},"properties":{"id":"saharanpur-uttar-pradesh","district":"Saharanpur","state":"Uttar Pradesh"}},
{"type":"Feature","geometry":{"type":"Polygon","coordinates":[[[73.968,30.194],[73.895,29.974],[74.298,29.954],[74.184,29.75],[73.979,29.719],[74.019,29.286],[74.216,29.242],[74.041,29.01],[73.878,28.94],[73.618,29.035],[73.336,29.013],[73.207,28.849],[73.009,28.725],[72.856,28.725],[72.662,28.893],[72.945,29.028],[73.283,29.572],[73.398,29.946],[73.806,30.067],[73.968,30.194]]]},"properties":{"id":"ganganagar-rajasthan","district":"Ganganagar","state":"Rajasthan"}},
{"type":"Feature","geometry":{"type":"Polygon","coordinates":[[[75.577,30.144],[75.688,30.012],[75.72,29.814],[75.58,29.74],[75.461,29.807],[75.303,29.56],[75.168,29.667],[75.191,29.844],[75.253,30.106],[75.369,30.2],[75.577,30.144]]]},"properties":{"id":"mansa-punjab","district":"Mansa","state":"Punjab"}},
{"type":"Feature","geometry":{"type":"Polygon","coordinates":[[[76.643,30.15],[76.817,30.218],[77.065,30.126],[77.12,29.991],[76.881,29.88],[76.73,29.87],[76.465,29.913],[76.467,30.099],[76.643,30.15]]]},"properties":{"id":"kurukshetra-haryana","district":"Kurukshetra","state":"Haryana"}},
{"type":"Feature","geometry":{"type":"Polygon","coordinates":[[[79.472,29.979],[79.813,30.023],[79.764,30.133],[79.987,30.319],[80.115,30.227],[80.054,29.902],[79.891,29.712],[79.709,29.827],[79.508,29.873],[79.472,29.979]]]},"properties":{"id":"bageshwar-uttarakhand","district":"Bageshwar","state":"Uttarakhand"}},
{"type":"Feature","geometry":{"type":"Polygon","coordinates":[[[77.959,30.242],[78.069,30.042],[78.202,29.967],[78.335,29.798],[78.02,29.582],[77.82,29.674],[77.716,29.886],[77.802,30.096],[77.959,30.242]]]},"properties":{"id":"haridwar-uttarakhand","district":"Haridwar","state":"Uttarakhand"}},
{"type":"Feature","geometry":{"type":"Polygon","coordinates":[[[79.077,30.221],[79.23,29.975],[79.085,29.888],[79.121,29.718],[79.06,29.589],[78.926,29.439],[78.617,29.558],[78.511,29.725],[78.335,29.798],[78.202,29.967],[78.302,30.112],[78.511,30.055],[78.647,30.207],[78.9,30.244],[79.077,30.221]]]},"properties":{"id":"pauri-garhwal-uttarakhand","district":"Pauri Garhwal","state":"Uttarakhand"}},
{"type":"Feature","geometry":{"type":"Polygon","coordinates":[[[76.214,29.84],[76.254,30.089],[76.467,30.099],[76.465,29.913],[76.73,29.87],[76.684,29.678],[76.503,29.516],[76.239,29.593],[76.214,29.84]]]},"properties":{"id":"kaithal-haryana","district":"Kaithal","state":"Haryana"}},
{"type":"Feature","geometry":{"type":"Polygon","coordinates":[[[74.526,29.941],[74.705,29.975],[74.812,29.993],[74.997,29.868],[75.191,29.844],[75.168,29.667],[75.303,29.56],[75.24,29.26],[75.081,29.228],[74.938,29.362],[74.603,29.365],[74.616,29.752],[74.526,29.941]]]},"properties":{"id":"sirsa-haryana","district":"Sirsa","state":"Haryana"}},
{"type":"Feature","geometry":{"type":"Polygon","coordinates":[[[75.474,28.926],[75.219,28.866],[74.803,28.929],[74.749,28.853],[74.476,28.815],[74.419,28.885],[74.161,28.776],[74.041,29.01],[74.216,29.242],[74.019,29.286],[73.979,29.719],[74.184,29.75],[74.298,29.954],[74.448,29.947],[74.526,29.941],[74.616,29.752],[74.603,29.365],[74.938,29.362],[75.081,29.228],[75.24,29.26],[75.346,29.283],[75.392,29.062],[75.528,28.971],[75.474,28.926]]]},"properties":{"id":"hanumangarh-rajasthan","district":"Hanumangarh","state":"Rajasthan"}},
{"type":"Feature","geometry":{"type":"Polygon","coordinates":[[[77.12,29.991],[77.227,29.939],[77.152,29.688],[77.132,29.484],[76.76,29.462],[76.503,29.516],[76.684,29.678],[76.73,29.87],[76.881,29.88],[77.12,29.991]]]},"properties":{"id":"karnal-haryana","district":"Karnal","state":"Haryana"}},
{"type":"Feature","geometry":{"type":"Polygon","coordinates":[[[79.23,29.975],[79.472,29.979],[79.508,29.873],[79.709,29.827],[79.891,29.712],[80.076,29.521],[79.849,29.432],[79.621,29.556],[79.482,29.497],[79.335,29.612],[79.219,29.523],[79.06,29.589],[79.121,29.718],[79.085,29.888],[79.23,29.975]]]},"properties":{"id":"almora-uttarakhand","district":"Almora","state":"Uttarakhand"}},
{"type":"Feature","geometry":{"type":"Polygon","coordinates":[[[75.947,29.729],[76.098,29.81],[76.214,29.84],[76.239,29.593],[76.503,29.516],[76.76,29.462],[76.676,29.281],[76.562,29.281],[76.477,29.092],[76.302,29.087],[76.132,29.391],[75.964,29.563],[75.947,29.729]]]},"properties":{"id":"jind-haryana","district":"Jind","state":"Haryana"}},
{"type":"Feature","geometry":{"type":"Polygon","coordinates":[[[75.72,29.814],[75.947,29.729],[75.964,29.563],[75.346,29.283],[75.24,29.26],[75.303,29.56],[75.461,29.807],[75.58,29.74],[75.72,29.814]]]},"properties":{"id":"fatehabad-haryana","district":"Fatehabad","state":"Haryana"}},
{"type":"Feature","geometry":{"type":"Polygon","coordinates":[[[78.533,29.065],[78.386,29.021],[78.072,29.083],[78.114,29.256],[78.027,29.387],[78.02,29.582],[78.335,29.798],[78.511,29.725],[78.617,29.558],[78.926,29.439],[78.851,29.348],[78.761,29.264],[78.533,29.065]]]},"properties":{"id":"bijnor-uttar-pradesh","district":"Bijnor","state":"Uttar Pradesh"}},
{"type":"Feature","geometry":{"type":"Polygon","coordinates":[[[77.487,29.634],[77.741,29.609],[77.82,29.674],[78.02,29.582],[78.027,29.387],[78.114,29.256],[77.796,29.184],[77.586,29.266],[77.505,29.191],[77.277,29.268],[77.464,29.451],[77.487,29.634]]]},"properties":{"id":"muzaffarnagar-uttar-pradesh","district":"Muzaffarnagar","state":"Uttar Pradesh"}},
{"type":"Feature","geometry":{"type":"Polygon","coordinates":[[[75.528,28.971],[75.392,29.062],[75.346,29.283],[75.964,29.563],[76.132,29.391],[76.302,29.087],[76.228,28.991],[75.968,29.064],[75.832,28.911],[75.528,28.971]]]},"properties":{"id":"hisar-haryana","district":"Hisar","state":"Haryana"}},
{"type":"Feature","geometry":{"type":"Polygon","coordinates":[[[78.926,29.439],[79.06,29.589],[79.219,29.523],[79.335,29.612],[79.482,29.497],[79.621,29.556],[79.849,29.432],[79.855,29.277],[79.972,29.055],[79.897,28.993],[79.435,29.084],[79.277,29.239],[78.851,29.348],[78.926,29.439]]]},"properties":{"id":"nainital-uttarakhand","district":"Nainital","state":"Uttarakhand"}},
{"type":"Feature","geometry":{"type":"Polygon","coordinates":[[[76.76,29.462],[77.132,29.484],[77.155,29.297],[77.143,29.167],[76.811,29.217],[76.676,29.281],[76.76,29.462]]]},"properties":{"id":"panipat-haryana","district":"Panipat","state":"Haryana"}},
{"type":"Feature","geometry":{"type":"Polygon","coordinates":[[[80.076,29.521],[80.242,29.444],[80.319,29.301],[80.074,28.941],[79.972,29.055],[79.855,29.277],[79.849,29.432],[80.076,29.521]]]},"properties":{"id":"champawat-uttarakhand","district":"Champawat","state":"Uttarakhand"}},
{"type":"Feature","geometry":{"type":"Polygon","coordinates":[[[79.683,28.855],[79.423,28.897],[79.036,29.169],[78.975,29.131],[78.761,29.264],[78.851,29.348],[79.277,29.239],[79.435,29.084],[79.897,28.993],[79.972,29.055],[80.074,28.941],[80.065,28.837],[79.955,28.723],[79.82,28.888],[79.683,28.855]]]},"properties":{"id":"udham-singh-nagar-uttarakhand","district":"Udham Singh Nagar","state":"Uttarakhand"}},
{"type":"Feature","geometry":{"type":"Polygon","coordinates":[[[77.216,28.853],[76.942,28.798],[76.884,28.809],[76.736,29.007],[76.477,29.092],[76.562,29.281],[76.676,29.281],[76.811,29.217],[77.143,29.167],[77.216,28.853]]]},"properties":{"id":"sonipat-haryana","district":"Sonipat","state":"Haryana"}},
{"type":"Feature","geometry":{"type":"Polygon","coordinates":[[[77.222,28.831],[77.216,28.853],[77.143,29.167],[77.155,29.297],[77.277,29.268],[77.505,29.191],[77.447,28.927],[77.222,28.831]]]},"properties":{"id":"baghpat-uttar-pradesh","district":"Baghpat","state":"Uttar Pradesh"}},
{"type":"Feature","geometry":{"type":"Polygon","coordinates":[[[78.072,29.083],[78.121,28.878],[77.69,28.745],[77.684,28.874],[77.447,28.927],[77.505,29.191],[77.586,29.266],[77.796,29.184],[78.114,29.256],[78.072,29.083]]]},"properties":{"id":"meerut-uttar-pradesh","district":"Meerut","state":"Uttar Pradesh"}},
{"type":"Feature","geometry":{"type":"Polygon","coordinates":[[[78.623,28.806],[78.533,29.065],[78.761,29.264],[78.975,29.131],[78.903,28.996],[79.001,28.764],[78.86,28.659],[78.939,28.46],[78.872,28.468],[78.623,28.806]]]},"properties":{"id":"moradabad-uttar-pradesh","district":"Moradabad","state":"Uttar Pradesh"}},
{"type":"Feature","geometry":{"type":"Polygon","coordinates":[[[74.161,28.776],[74.08,28.67],[74.028,28.376],[74.197,28.331],[74.294,28.145],[74.226,27.817],[73.867,27.779],[73.875,27.538],[73.544,27.495],[73.358,27.26],[73.133,27.308],[72.656,27.536],[72.554,27.62],[72.243,27.484],[72.139,27.88],[71.881,27.914],[71.928,28.122],[72.206,28.394],[72.3,28.669],[72.404,28.783],[72.662,28.893],[72.856,28.725],[73.009,28.725],[73.207,28.849],[73.336,29.013],[73.618,29.035],[73.878,28.94],[74.041,29.01],[74.161,28.776]]]},"properties":{"id":"bikaner-rajasthan","district":"Bikaner","state":"Rajasthan"}},
{"type":"Feature","geometry":{"type":"Polygon","coordinates":[[[79.423,28.897],[79.206,28.571],[78.972,28.422],[78.939,28.46],[78.86,28.659],[79.001,28.764],[78.903,28.996],[78.975,29.131],[79.036,29.169],[79.423,28.897]]]},"properties":{"id":"rampur-uttar-pradesh","district":"Rampur","state":"Uttar Pradesh"}},
{"type":"Feature","geometry":{"type":"Polygon","coordinates":[[[75.67,28.519],[75.561,28.613],[75.474,28.926],[75.528,28.971],[75.832,28.911],[75.968,29.064],[76.228,28.991],[76.326,28.812],[76.133,28.687],[75.847,28.586],[75.906,28.433],[75.893,28.39],[75.67,28.519]]]},"properties":{"id":"bhiwani-haryana","district":"Bhiwani","state":"Haryana"}},
{"type":"Feature","geometry":{"type":"Polygon","coordinates":[[[76.884,28.809],[76.422,28.702],[76.326,28.812],[76.228,28.991],[76.302,29.087],[76.477,29.092],[76.736,29.007],[76.884,28.809]]]},"properties":{"id":"rohtak-haryana","district":"Rohtak","state":"Haryana"}},
{"type":"Feature","geometry":{"type":"Polygon","coordinates":[[[77.152,29.688],[77.487,29.634],[77.464,29.451],[77.277,29.268],[77.155,29.297],[77.132,29.484],[77.152,29.688]]]},"properties":{"id":"shamli-uttar-pradesh","district":"Shamli","state":"Uttar Pradesh"}},
{"type":"Feature","geometry":{"type":"Polygon","coordinates":[[[75.078,31.148],[75.147,31.091],[74.951,30.892],[74.905,30.737],[74.624,30.837],[74.5,30.666],[74.416,30.614],[74.216,30.691],[74.366,30.893],[74.708,31.072],[74.965,31.153],[75.078,31.148]]]},"properties":{"id":"ferozepur-punjab","district":"Ferozepur","state":"Punjab"}},
{"type":"Feature","geometry":{"type":"Polygon","coordinates":[[[75.837,32.511],[75.932,32.395],[75.638,32.252],[75.601,32.093],[75.379,32.183],[75.341,32.346],[75.513,32.308],[75.837,32.511]]]},"properties":{"id":"pathankot-punjab","district":"Pathankot","state":"Punjab"}},
{"type":"Feature","geometry":{"type":"Polygon","coordinates":[[[75.092,33.186],[75.357,33.07],[75.682,32.862],[75.285,32.642],[75.092,32.716],[74.98,32.928],[75.092,33.186]]]},"properties":{"id":"udhampur-jammu-and-kashmir","district":"Udhampur","state":"Jammu and Kashmir"}},
{"type":"Feature","geometry":{"type":"Polygon","coordinates":[[[74.889,32.521],[74.898,32.646],[75.092,32.716],[75.285,32.642],[75.205,32.418],[74.947,32.447],[74.889,32.521]]]},"properties":{"id":"samba-jammu-and-kashmir","district":"Samba","state":"Jammu and Kashmir"}},
{"type":"Feature","geometry":{"type":"MultiPolygon","coordinates":[[[[75.788,31.365],[75.89,31.275],[75.798,31.216],[75.788,31.365]]],[[[75.404,31.593],[75.476,31.649],[75.598,31.605],[75.418,31.249],[75.078,31.148],[74.965,31.153],[75.291,31.491],[75.404,31.593]]]]},"properties":{"id":"kapurthala-punjab","district":"Kapurthala","state":"Punjab"}},
{"type":"Feature","geometry":{"type":"Polygon","coordinates":[[[76.777,30.904],[76.916,30.9],[77.025,30.749],[77.123,30.563],[76.907,30.459],[76.828,30.682],[76.838,30.754],[76.777,30.904]]]},"properties":{"id":"panchkula-haryana","district":"Panchkula","state":"Haryana"}},
{"type":"Feature","geometry":{"type":"Polygon","coordinates":[[[77.123,30.563],[77.208,30.488],[77.065,30.126],[76.817,30.218],[76.643,30.15],[76.562,30.242],[76.748,30.429],[76.907,30.459],[77.123,30.563]]]},"properties":{"id":"ambala-haryana","district":"Ambala","state":"Haryana"}},
{"type":"Feature","geometry":{"type":"Polygon","coordinates":[[[84.009,24.642],[84.085,24.77],[84.448,25.128],[84.734,25.055],[84.735,24.765],[84.547,24.527],[84.327,24.49],[84.093,24.534],[84.009,24.642]]]},"properties":{"id":"aurangabad-bihar","district":"Aurangabad","state":"Bihar"}},
{"type":"Feature","geometry":{"type":"Polygon","coordinates":[[[82.813,23.962],[82.947,23.871],[83.207,23.922],[83.33,24.102],[83.432,24.086],[83.571,23.863],[83.706,23.82],[83.775,23.61],[84.016,23.635],[83.963,23.386],[84.074,23.334],[84.038,23.171],[83.792,23.251],[83.555,23.17],[83.392,23.27],[83.246,23.232],[83.207,23.378],[83.348,23.47],[83.198,23.685],[83.065,23.769],[82.782,23.817],[82.694,23.919],[82.813,23.962]]]},"properties":{"id":"balrampur-chhattisgarh","district":"Balrampur","state":"Chhattisgarh"}},
{"type":"Feature","geometry":{"type":"Polygon","coordinates":[[[82.074,27.401],[82.022,27.58],[82.207,27.844],[82.449,27.679],[82.665,27.723],[82.732,27.487],[82.493,27.359],[82.457,27.151],[82.074,27.401]]]},"properties":{"id":"balrampur-uttar-pradesh","district":"Balrampur","state":"Uttar Pradesh"}},
{"type":"Feature","geometry":{"type":"Polygon","coordinates":[[[79.962,26.149],[79.956,26.078],[80.236,25.926],[80.346,25.899],[80.215,25.515],[80.074,25.588],[79.787,25.59],[79.64,25.485],[79.394,25.519],[79.398,25.789],[79.611,25.897],[79.785,25.863],[79.917,26.09],[79.962,26.149]]]},"properties":{"id":"hamirpur-uttar-pradesh","district":"Hamirpur","state":"Uttar Pradesh"}},
{"type":"Feature","geometry":{"type":"Polygon","coordinates":[[[76.312,31.722],[76.557,31.886],[76.64,31.872],[76.731,31.582],[76.462,31.487],[76.312,31.722]]]},"properties":{"id":"hamirpur-himachal-pradesh","district":"Hamirpur","state":"Himachal Pradesh"}},
{"type":"Feature","geometry":{"type":"Polygon","coordinates":[[[74.271,23.949],[74.222,24.099],[74.43,24.257],[74.519,24.286],[74.593,24.509],[74.697,24.483],[74.855,24.424],[74.754,24.242],[74.908,24.212],[74.974,24.04],[74.941,23.765],[74.772,23.543],[74.519,23.636],[74.561,23.805],[74.376,23.904],[74.271,23.949]]]},"properties":{"id":"pratapgarh-rajasthan","district":"Pratapgarh","state":"Rajasthan"}},
{"type":"Feature","geometry":{"type":"Polygon","coordinates":[[[82.048,26.058],[82.434,26.006],[82.218,25.84],[82.151,25.673],[82.022,25.743],[81.611,25.598],[81.469,25.62],[81.339,25.811],[81.446,25.935],[81.57,25.976],[81.6,26.144],[81.768,26.068],[82.048,26.058]]]},"properties":{"id":"pratapgarh-uttar-pradesh","district":"Pratapgarh","state":"Uttar Pradesh"}},
{"type":"Feature","geometry":{"type":"Polygon","coordinates":[[[76.731,31.582],[76.877,31.351],[76.84,31.232],[76.646,31.21],[76.392,31.413],[76.462,31.487],[76.731,31.582]]]},"properties":{"id":"bilaspur-himachal-pradesh","district":"Bilaspur","state":"Himachal Pradesh"}},
{"type":"Feature","geometry":{"type":"Polygon","coordinates":[[[78.559,25.213],[78.513,25.276],[78.731,25.458],[78.961,25.345],[78.88,25.158],[78.64,25.071],[78.559,25.213]]]},"properties":{"id":"niwari-madhya-pradesh","district":"Niwari","state":"Madhya Pradesh"}},
{"type":"Feature","geometry":{"type":"Polygon","coordinates":[[[74.147,35.097],[74.252,35.037],[74.486,35.11],[74.567,34.873],[74.32,34.787],[74.158,34.684],[73.977,34.686],[73.893,34.45],[73.994,34.257],[73.895,34.065],[73.653,34.063],[73.488,34.145],[73.39,34.374],[73.447,34.574],[73.618,34.586],[73.749,34.787],[73.963,34.842],[74.147,35.097]]]},"properties":{"id":"muzaffarabad-jammu-and-kashmir","district":"Muzaffarabad","state":"Jammu and Kashmir"}},
{"type":"Feature","geometry":{"type":"Polygon","coordinates":[[[73.598,33.713],[73.703,33.622],[73.953,33.622],[74.147,33.54],[74.167,33.412],[74.002,33.218],[74.334,32.954],[74.447,32.789],[74.382,32.757],[73.957,32.987],[73.688,33.087],[73.564,33.342],[73.598,33.713]]]},"properties":{"id":"mirpur-jammu-and-kashmir","district":"Mirpur","state":"Jammu and Kashmir"}},
{"type":"Feature","geometry":{"type":"Polygon","coordinates":[[[72.783,24.102],[72.735,24.076],[72.73,24.094],[72.714,24.098],[72.686,24.073],[72.67,24.071],[72.652,24.084],[72.584,23.936],[72.37,23.972],[72.34,24.038],[72.309,24.038],[72.27,24.056],[72.256,24.081],[72.226,24.072],[72.206,24.114],[72.224,24.131],[72.204,24.149],[72.177,24.118],[72.149,24.13],[72.157,24.094],[71.961,23.991],[71.925,24.009],[71.929,23.952],[71.938,23.928],[71.861,23.847],[71.828,23.844],[71.815,23.855],[71.779,23.845],[71.766,23.827],[71.762,23.841],[71.714,23.87],[71.717,23.928],[71.698,23.93],[71.688,23.971],[71.68,23.971],[71.684,24.064],[72.052,24.283],[72.029,24.446],[71.851,24.61],[72.058,24.712],[72.09,24.659],[72.165,24.621],[72.195,24.623],[72.23,24.64],[72.271,24.637],[72.305,24.618],[72.32,24.618],[72.335,24.633],[72.347,24.629],[72.336,24.599],[72.314,24.594],[72.276,24.607],[72.246,24.585],[72.354,24.564],[72.5,24.417],[72.52,24.5],[72.683,24.464],[72.725,24.367],[72.806,24.363],[72.854,24.371],[72.891,24.357],[72.911,24.337],[72.959,24.361],[72.967,24.313],[72.997,24.308],[73.001,24.289],[73.028,24.274],[73.014,24.235],[72.992,24.223],[72.992,24.184],[72.957,24.159],[72.923,24.041],[72.783,24.102]]]},"properties":{"id":"banaskantha-gujarat","district":"Banaskantha","state":"Gujarat"}},
{"type":"Feature","geometry":{"type":"Polygon","coordinates":[[[71.851,24.61],[72.029,24.446],[72.052,24.283],[71.684,24.064],[71.68,23.971],[71.442,23.981],[71.454,23.965],[71.445,23.941],[71.416,23.925],[71.395,23.966],[71.336,23.97],[71.319,23.984],[71.309,23.993],[71.285,23.992],[71.292,24.02],[71.322,24.052],[71.316,24.096],[71.334,24.116],[71.333,24.116],[71.302,24.121],[71.295,24.301],[71.319,24.402],[71.321,24.446],[71.331,24.461],[71.331,24.479],[71.348,24.517],[71.292,24.519],[71.26,24.533],[71.297,24.564],[71.288,24.616],[71.314,24.648],[71.348,24.661],[71.377,24.626],[71.478,24.68],[71.608,24.677],[71.655,24.639],[71.708,24.662],[71.792,24.677],[71.81,24.656],[71.806,24.627],[71.851,24.61]]]},"properties":{"id":"vav-tharad-gujarat","district":"Vav-Tharad","state":"Gujarat"}}
]}